TENDER_PERFORMANCE,CARRIER,SOURCE_CITY,SOURCE_STATE,SOURCE_COUNTRY,DEST_CITY,DEST_STATE,DEST_COUNTRY
95,AFXN,RICHMOND,VA,US,CLEAR BROOK,VA,US
89,RBTW,CHICAGO,IL,US,BROWNSTOWN,MI,US
85,RBTW,CHICAGO,IL,US,LANCASTER,TX,US
90,AEQC,RICHMOND,VA,US,MT. CRAWFORD,VA,US
95,AEQC,RICHMOND,VA,US,CARLISLE,PA,US
75,RBTW,LOSANGELES,CA,US,HENDERSON,NV,US
82,FDEG,DALLAS,TX,US,FORT COLLINS,CO,US
88,FDEG,DALLAS,TX,US,TAMPA,FL,US
95,ODFL,RICHMOND,VA,US,WINDSOR LOCKS,CT,US
67,LRGR,LANCASTER,TX,US,REPUBLIC,MO,US
97,RBTW,LANCASTER,TX,US,DAYTON,TX,US
75,FDEG,DALLAS,TX,US,SANTA ROSA,CA,US
99,WALM,MILTON,ON,CA,CALGARY,AB,CA
97,RBTW,RICHMOND,VA,US,CRANBURY,NJ,US
99,RBTW,LOSANGELES,CA,US,RICHMOND,VA,US
94,IQLS,SEATTLE,WA,US,RICHMOND,VA,US
88,RBTW,MILTON,ON,CA,CALGARY,AB,CA
75,RBTW,DALLAS,TX,US,MONTOURSVILLE,PA,US
97,ODFL,CHICAGO,IL,US,KILGORE,TX,US
94,BGXP,CHICAGO,IL,US,RICHMOND,VA,US
80,RBTW,DALLAS,TX,US,FENTON,MO,US
91,ODFL,DALLAS,TX,US,LOSANGELES,CA,US
92,RBTW,LOSANGELES,CA,US,PORTERVILLE,CA,US
93,ODFL,CHICAGO,IL,US,PRESCOTT VALLEY,AZ,US
50,RBTW,LOSANGELES,CA,US,CHARLOTTE,NC,US
96,ODFL,RICHMOND,VA,US,TAYLOR,PA,US
67,RBTW,CHICAGO,IL,US,NORTH CANTON,OH,US
80,ODFL,RICHMOND,VA,US,COPPELL,TX,US
90,AFXN,SEATTLE,WA,US,DUPONT,WA,US
50,FDEG,DALLAS,TX,US,AURORA,IL,US
91,RBTW,MILTON,ON,CA,MISSISSAUGA,ON,CA
98,FXFC,MILTON,ON,CA,HAMILTON,ON,CA
98,AFXN,LOSANGELES,CA,US,STOCKTON,CA,US
93,RBTW,RICHMOND,VA,US,FINDLAY,OH,US
99,LRGR,RICHMOND,VA,US,MIDWAY,TN,US
50,FDEG,DALLAS,TX,US,KANSAS CITY,MO,US
50,FDEG,DALLAS,TX,US,MIDDLETOWN,NJ,US
94,RBTW,CHICAGO,IL,US,PLAINFIELD,IN,US
84,FDEG,DALLAS,TX,US,SOUTH PLAINFIELD,NJ,US
94,BNCH,GRAND RAPIDS,MI,US,JIUJIANG CITY,JX,CN
50,FDEG,DALLAS,TX,US,ELK GROVE VILLAGE,IL,US
98,AACT,DALLAS,TX,US,GRAND PRAIRIE,TX,US
86,RBTW,CHICAGO,IL,US,BURLINGTON,NJ,US
100,LRGR,LOSANGELES,CA,US,PORTERVILLE,CA,US
72,RBTW,RICHMOND,VA,US,GREENVILLE,TN,US
99,LRGR,LANCASTER,TX,US,SCHERTZ,TX,US
98,ODFL,DALLAS,TX,US,MADISONVILLE,KY,US
98,LRGR,RICHMOND,VA,US,DELTONA,FL,US
95,RBTW,CHICAGO,IL,US,GREENWOOD,IN,US
50,FDEG,DALLAS,TX,US,HIGHLAND PARK,IL,US
91,AACT,DALLAS,TX,US,BROWNS SUMMIT,NC,US
80,FDEG,DALLAS,TX,US,DRAPER,UT,US
97,RBTW,LANCASTER,TX,US,HOUSTON,TX,US
88,FDEG,DALLAS,TX,US,OAKWOOD VILLAGE,OH,US
95,ODFL,LANCASTER,TX,US,CARENCRO,LA,US
62,FDEG,DALLAS,TX,US,BALCH SPRINGS,TX,US
79,FDEG,DALLAS,TX,US,NORWOOD,MA,US
89,RBTW,DALLAS,TX,US,MILTON,ON,CA
50,RBQT,LOSANGELES,CA,US,FRENCH CAMP,CA,US
66,FDEG,DALLAS,TX,US,HAUPPAUGE,NY,US
58,FDEG,DALLAS,TX,US,BERKLEY,MI,US
93,RBTW,LOSANGELES,CA,US,FONTANA,CA,US
75,FDEG,DALLAS,TX,US,PLANO,TX,US
80,RBTW,RICHMOND,VA,US,N. KINGSTOWN,RI,US
85,FDEG,DALLAS,TX,US,LAS VEGAS,NV,US
66,FDEG,DALLAS,TX,US,MOUNT PLEASANT,PA,US
86,RBTW,RICHMOND,VA,US,GROVE CITY,OH,US
86,RBTW,CHICAGO,IL,US,CRANBURY,NJ,US
88,RBTW,MILTON,ON,CA,NAVAN,ON,CA
50,FDEG,DALLAS,TX,US,SANTA BARBARA,CA,US
56,FDEG,DALLAS,TX,US,MILFORD,OH,US
78,RBTW,DALLAS,TX,US,KENOSHA,WI,US
98,ODFL,CHICAGO,IL,US,INWOOD,WV,US
99,LRGR,LANCASTER,TX,US,PLAINVIEW,TX,US
58,UPSG,DALLAS,TX,US,HAUPPAUGE,NY,US
100,RBTW,GRAND RAPIDS,MI,US,LOSANGELES,CA,US
98,FXFC,MILTON,ON,CA,MISSISSAUGA,ON,CA
88,RBTW,MILTON,ON,CA,NISKU,AB,CA
50,FDEG,DALLAS,TX,US,MANSFIELD,MA,US
50,RBTW,DALLAS,TX,US,SAN ANTONIO,TX,US
58,ODFL,RICHMOND,VA,US,ONTARIO,CA,US
67,RBTW,LANCASTER,TX,US,DALLAS,TX,US
80,FDEG,DALLAS,TX,US,SOLON,OH,US
78,FDEG,DALLAS,TX,US,SCHERTZ,TX,US
98,RBTW,LOSANGELES,CA,US,RIALTO,CA,US
50,FDEG,DALLAS,TX,US,GLENDALE,AZ,US
94,RBTW,LOSANGELES,CA,US,SHAFTER,CA,US
99,LRGR,CHICAGO,IL,US,LA GRANGE,GA,US
97,AEQC,RICHMOND,VA,US,TIFTON,GA,US
98,LRGR,CHICAGO,IL,US,COLDWATER,MI,US
94,RBTW,LOSANGELES,CA,US,LOVELAND,CO,US
91,RBTW,LOSANGELES,CA,US,RED BLUFF,CA,US
85,RBTW,LANCASTER,TX,US,PUEBLO,CO,US
80,ABFS,LANCASTER,TX,US,SAN BERNARDINO,CA,US
50,ODFL,SEATTLE,WA,US,N. KINGSTOWN,RI,US
98,RBTW,CHICAGO,IL,US,FINDLAY,OH,US
50,AEQC,RICHMOND,VA,US,HOPE MILLS,NC,US
67,FDEG,DALLAS,TX,US,ATLANTA,GA,US
98,RBTW,LANCASTER,TX,US,SAN ANTONIO,TX,US
92,USIT,LANCASTER,TX,US,TOPEKA,KS,US
50,FDEG,DALLAS,TX,US,NEW YORK,NY,US
75,RBTW,LOSANGELES,CA,US,TYLER,TX,US
84,RBTW,LOSANGELES,CA,US,AURORA,CO,US
50,FDEG,DALLAS,TX,US,ALBANY,OR,US
75,ODFL,LOSANGELES,CA,US,CHICAGO,IL,US
75,FDEG,DALLAS,TX,US,TILBURG,NL,NL
67,FDEG,DALLAS,TX,US,TAYLOR,PA,US
98,LOAM,LANCASTER,TX,US,COPPELL,TX,US
97,AFXN,CHICAGO,IL,US,CHARLESTON,TN,US
75,FDEG,DALLAS,TX,US,COUNTRYSIDE,IL,US
50,FDEG,DALLAS,TX,US,BURNSVILLE,MN,US
99,DNGS,LANCASTER,TX,US,TYLER,TX,US
98,RBTW,CHICAGO,IL,US,CHARLOTTE,NC,US
98,RBTW,CHICAGO,IL,US,VILLA RICA,GA,US
72,ODFL,LANCASTER,TX,US,PORTERVILLE,CA,US
98,ODFL,LANCASTER,TX,US,AMARILLO,TX,US
93,ODFL,LANCASTER,TX,US,NORTH LITTLE ROCK,AR,US
50,RBQT,DALLAS,TX,US,BRANDON,VT,US
34,RBQT,RICHMOND,VA,US,UXBRIDGE,MA,US
80,FDEG,DALLAS,TX,US,ROCKWALL,TX,US
96,AFXN,RICHMOND,VA,US,BALTIMORE,MD,US
97,ODFL,LOSANGELES,CA,US,CHINO,CA,US
95,FXFC,MILTON,ON,CA,OTTAWA,ON,CA
79,FDEG,DALLAS,TX,US,MILWAUKEE,WI,US
99,RBTW,RICHMOND,VA,US,LOGAN TOWNSHIP,NJ,US
92,RBTW,MILTON,ON,CA,SCARBOROUGH,ON,CA
95,IQLS,SEATTLE,WA,US,LANCASTER,TX,US
95,RBTW,RICHMOND,VA,US,BURLINGTON,NJ,US
94,RBTW,LOSANGELES,CA,US,PATTERSON,CA,US
98,FXFC,MILTON,ON,CA,BOUCHERVILLE,QC,CA
57,RBTW,CHICAGO,IL,US,PINEY FLATS,TN,US
67,RBTW,LANCASTER,TX,US,TOPEKA,KS,US
97,RBTW,LANCASTER,TX,US,REPUBLIC,MO,US
100,ODFL,DALLAS,TX,US,MOUNT PLEASANT,PA,US
90,RBTW,LOSANGELES,CA,US,TRACY,CA,US
25,RBTW,LOSANGELES,CA,US,VILLA RICA,GA,US
94,RBTW,RICHMOND,VA,US,READING,PA,US
60,FDEG,DALLAS,TX,US,SANTA FE SPRINGS,CA,US
67,RBTW,SEATTLE,WA,US,STOCKTON,CA,US
93,RBTW,LANCASTER,TX,US,GRAIN VALLEY,MO,US
80,ODFL,RICHMOND,VA,US,SCHERTZ,TX,US
86,ODFL,SEATTLE,WA,US,PHOENIX,AZ,US
95,ODFL,CHICAGO,IL,US,ENGLEWOOD,NJ,US
98,AFXN,LOSANGELES,CA,US,LOSANGELES,CA,US
99,ODFL,CHICAGO,IL,US,SIKESTON,MO,US
98,RBTW,RICHMOND,VA,US,FREDERICKSBURG,VA,US
92,DNGS,LANCASTER,TX,US,CHICAGO,IL,US
90,FXFE,DALLAS,TX,US,BOSTON,MA,US
75,ODFL,GRAND RAPIDS,MI,US,GILBERT,AZ,US
95,ODFL,DALLAS,TX,US,CORONA,CA,US
75,FDEG,DALLAS,TX,US,KNOXVILLE,TN,US
89,ODFL,DALLAS,TX,US,JESSUP,MD,US
97,RBTW,MILTON,ON,CA,BRAMPTON,ON,CA
75,FDEG,DALLAS,TX,US,CARLSTADT,NJ,US
86,ODFL,CHICAGO,IL,US,KISSIMMEE,FL,US
72,FDEG,DALLAS,TX,US,MILTON,ON,CA
50,RBTW,DALLAS,TX,US,TRACY,CA,US
78,FDEG,CHICAGO,IL,US,FISKDALE,MA,US
90,FDEG,DALLAS,TX,US,RESEDA,CA,US
50,FDEG,DALLAS,TX,US,MEMPHIS,TN,US
95,FXFC,MILTON,ON,CA,LONDON,ON,CA
89,RBTW,RICHMOND,VA,US,MADISON,AL,US
84,RBTW,LANCASTER,TX,US,BROOKHAVEN,MS,US
95,ODFL,LANCASTER,TX,US,MADISON,AL,US
98,ODFL,LOSANGELES,CA,US,WOODLAND,CA,US
98,RBTW,LOSANGELES,CA,US,ALBANY,OR,US
99,WALM,MILTON,ON,CA,CORNWALL,ON,CA
95,DART,LANCASTER,TX,US,OTTAWA,KS,US
79,FDEG,DALLAS,TX,US,TWINSBURG,OH,US
92,AEQC,RICHMOND,VA,US,MIDWAY,GA,US
99,WALM,DELTA,BC,CA,CALGARY,AB,CA
99,AFXN,CHICAGO,IL,US,BELOIT,WI,US
91,RBTW,GRAND RAPIDS,MI,US,FENTON,MO,US
93,RBTW,SEATTLE,WA,US,CHICAGO,IL,US
92,ODFL,RICHMOND,VA,US,CRANBURY,NJ,US
98,RBTW,CHICAGO,IL,US,EDWARDSVILLE,IL,US
96,USIT,LANCASTER,TX,US,BENTONVILLE,AR,US
84,BGXP,CHICAGO,IL,US,LANCASTER,TX,US
90,RBTW,LOSANGELES,CA,US,PINEY FLATS,TN,US
92,AACT,DALLAS,TX,US,FLOWER MOUND,TX,US
98,RBTW,CHICAGO,IL,US,HOPKINSVILLE,KY,US
99,RBTW,LOSANGELES,CA,US,DINUBA,CA,US
89,RBTW,MILTON,ON,CA,NEW WESTMINSTER,BC,CA
89,RBTW,DALLAS,TX,US,RICHMOND,VA,US
67,LRGR,CHICAGO,IL,US,MOUNT PLEASANT,IA,US
50,AEQC,RICHMOND,VA,US,SMYRNA,DE,US
50,FDEG,DALLAS,TX,US,BULLHEAD CITY,AZ,US
95,RBTW,CHICAGO,IL,US,CANTON,OH,US
97,RBTW,CHICAGO,IL,US,OTTAWA,IL,US
95,RBTW,RICHMOND,VA,US,WINCHESTER,VA,US
67,RBTW,DALLAS,TX,US,BRANDON,VT,US
99,LOAM,LOSANGELES,CA,US,LAS VEGAS,NV,US
50,ODFL,RICHMOND,VA,US,LOSANGELES,CA,US
95,ODFL,LANCASTER,TX,US,COPPELL,TX,US
95,RBTW,MILTON,ON,CA,AJAX,ON,CA
98,RBTW,RICHMOND,VA,US,LAKELAND,FL,US
88,RBTW,LANCASTER,TX,US,FORNEY,TX,US
50,RBTW,CHICAGO,IL,US,GREENVILLE,TN,US
67,FDEG,DALLAS,TX,US,BLOOMINGTON,IL,US
98,LRGR,LOSANGELES,CA,US,RED BLUFF,CA,US
50,RBTW,DALLAS,TX,US,ROMEOVILLE,IL,US
97,AACT,DALLAS,TX,US,LITHIA SPRINGS,GA,US
99,ODFL,LOSANGELES,CA,US,CLACKAMAS,OR,US
88,AACT,DALLAS,TX,US,MYRTLE BEACH,SC,US
50,RBTW,RICHMOND,VA,US,ONTARIO,CA,US
94,ODFL,DALLAS,TX,US,SAYREVILLE,NJ,US
98,RBTW,LOSANGELES,CA,US,GRANTSVILLE,UT,US
80,FDEG,DALLAS,TX,US,GRAND RAPIDS,MI,US
50,RBQT,RICHMOND,VA,US,PINEY FLATS,TN,US
94,ODFL,DALLAS,TX,US,CHARLESTON,TN,US
50,FDEG,DALLAS,TX,US,PRINCETON,IL,US
67,FDEG,DALLAS,TX,US,MONTGOMERY,NY,US
96,WALM,MILTON,ON,CA,MISSISSAUGA,ON,CA
97,AFXN,CHICAGO,IL,US,LIVONIA,MI,US
100,HOSD,GRAND RAPIDS,MI,US,CHICAGO,IL,US
98,RBTW,LANCASTER,TX,US,SEALY,TX,US
97,RBTW,LANCASTER,TX,US,RICHMOND,VA,US
77,FDEG,DALLAS,TX,US,KISSIMMEE,FL,US
65,RBTW,CHICAGO,IL,US,SEATTLE,WA,US
95,AEQC,RICHMOND,VA,US,STUARTS DRAFT,VA,US
82,RBTW,LOSANGELES,CA,US,CHINO,CA,US
50,RBTW,CHICAGO,IL,US,MILTON,ON,CA
92,FDEG,DALLAS,TX,US,ORLANDO,FL,US
94,AEQC,RICHMOND,VA,US,LUGOFF,SC,US
87,RBTW,SEATTLE,WA,US,LOSANGELES,CA,US
99,RBTW,GRAND RAPIDS,MI,US,LANCASTER,TX,US
75,FDEG,DALLAS,TX,US,ONTARIO,CA,US
60,LRGR,SEATTLE,WA,US,LOSANGELES,CA,US
99,RBTW,LOSANGELES,CA,US,APPLE VALLEY,CA,US
75,RBTW,CHICAGO,IL,US,PORT WENTWORTH,GA,US
75,ODFL,LANCASTER,TX,US,WARSAW,NC,US
50,FDEG,DALLAS,TX,US,FORT WORTH,TX,US
99,LRGR,RICHMOND,VA,US,CULLMAN,AL,US
96,RBTW,LANCASTER,TX,US,SANGER,TX,US
97,RBTW,LOSANGELES,CA,US,SALEM,OR,US
60,RBTW,RICHMOND,VA,US,SUFFOLK,VA,US
50,RBTW,LOSANGELES,CA,US,MEMPHIS,TN,US
50,BNCH,DALLAS,TX,US,PRINCETON,IL,US
50,ODFL,LOSANGELES,CA,US,GREENVILLE,TN,US
98,RBTW,LOSANGELES,CA,US,DUPONT,WA,US
90,RBTW,SEATTLE,WA,US,RED BLUFF,CA,US
50,FDEG,DALLAS,TX,US,INCLINE VILLAGE,NV,US
96,RBTW,CHICAGO,IL,US,LOSANGELES,CA,US
97,ODFL,LOSANGELES,CA,US,SAN BERNARDINO,CA,US
63,FDEG,DALLAS,TX,US,NEW BERLIN,WI,US
99,RBTW,GRAND RAPIDS,MI,US,RICHMOND,VA,US
97,FXFC,MILTON,ON,CA,SCARBOROUGH,ON,CA
99,RBTW,GRAND RAPIDS,MI,US,MILTON,ON,CA
75,RBTW,LOSANGELES,CA,US,SALT LAKE CITY,UT,US
75,FDEG,DALLAS,TX,US,PENSACOLA,FL,US
96,ODFL,CHICAGO,IL,US,JEFFERSON,GA,US
95,ODFL,RICHMOND,VA,US,NORFOLK,VA,US
89,RBTW,RICHMOND,VA,US,MARCY,NY,US
84,FDEG,DALLAS,TX,US,MIAMI,FL,US
97,AFXN,LOSANGELES,CA,US,RIALTO,CA,US
96,ODFL,RICHMOND,VA,US,FARMINGDALE,NY,US
97,AFXN,RICHMOND,VA,US,FISHERSVILLE,VA,US
34,RBTW,RICHMOND,VA,US,FLORENCE,SC,US
88,RBTW,CHICAGO,IL,US,YORK,PA,US
67,FDEG,DALLAS,TX,US,CHATSWORTH,CA,US
97,LRGR,LOSANGELES,CA,US,BUCKEYE,AZ,US
50,FDEG,DALLAS,TX,US,BROOKFIELD,WI,US
98,RBTW,CHICAGO,IL,US,SEYMOUR,IN,US
75,LRGR,RICHMOND,VA,US,WEST JEFFERSON,OH,US
80,COLL,MILTON,ON,CA,CALGARY,AB,CA
80,ODFL,LANCASTER,TX,US,RED BLUFF,CA,US
50,FDEG,DALLAS,TX,US,LYNN HAVEN,FL,US
80,ODFL,LANCASTER,TX,US,HERMISTON,OR,US
50,RBTW,CHICAGO,IL,US,HOUSTON,TX,US
95,RBTW,CHICAGO,IL,US,AURORA,IL,US
89,AFXN,LANCASTER,TX,US,AMARILLO,TX,US
95,LRGR,LANCASTER,TX,US,CULLMAN,AL,US
97,RBTW,CHICAGO,IL,US,JOLIET,IL,US
69,FDEG,DALLAS,TX,US,CARSON CITY,NV,US
85,FXFC,MILTON,ON,CA,NEW WESTMINSTER,BC,CA
93,RBTW,LANCASTER,TX,US,CHICAGO,IL,US
96,AFXN,CHICAGO,IL,US,PLAINFIELD,IN,US
90,AEQC,RICHMOND,VA,US,YORK,PA,US
96,RBTW,LOSANGELES,CA,US,LANCASTER,TX,US
50,FDEG,DALLAS,TX,US,BALDWINSVILLE,NY,US
94,AFXN,LANCASTER,TX,US,PARK CITY,KS,US
98,RBTW,LOSANGELES,CA,US,SPOKANE,WA,US
98,DNGS,LANCASTER,TX,US,SEARCY,AR,US
72,FXFC,MILTON,ON,CA,NANAIMO,BC,CA
94,FXFC,MILTON,ON,CA,ROCKY VIEW COUNTY,AB,CA
99,RBTW,CHICAGO,IL,US,COLDWATER,MI,US
99,RBTW,RICHMOND,VA,US,CHICAGO,IL,US
75,FDEG,DALLAS,TX,US,SCRANTON,PA,US
50,ODFL,LOSANGELES,CA,US,SAINT PETERSBURG,FL,US
97,HOSD,CHICAGO,IL,US,SEYMOUR,IN,US
89,FDEG,DALLAS,TX,US,CITY OF INDUSTRY,CA,US
75,FDEG,DALLAS,TX,US,EL PASO,TX,US
97,RBTW,LOSANGELES,CA,US,WEST JORDAN,UT,US
99,BNCH,WAYLAND,MI,US,TILBURG,NL,NL
78,RBTW,LOSANGELES,CA,US,KANSAS CITY,KS,US
87,FDEG,DALLAS,TX,US,HOUSTON,TX,US
50,FDEG,DALLAS,TX,US,RALEIGH,NC,US
67,RBTW,RICHMOND,VA,US,RIVERSIDE,CA,US
97,RBTW,LOSANGELES,CA,US,HERMISTON,OR,US
50,FDEG,CHICAGO,IL,US,RAYMOND,NH,US
80,RBTW,DALLAS,TX,US,CHICAGO,IL,US
90,FXFC,MILTON,ON,CA,NISKU,AB,CA
78,SCNN,CHICAGO,IL,US,OCONOMOWOC,WI,US
60,SCNN,CHICAGO,IL,US,INDIANAPOLIS,IN,US
90,AFXN,SEATTLE,WA,US,STOCKTON,CA,US
98,BGXP,RICHMOND,VA,US,CHAMBERSBURG,PA,US
97,FXFC,MILTON,ON,CA,DELTA,BC,CA
97,ODFL,CHICAGO,IL,US,LA CROSSE,WI,US
99,ODFL,CHICAGO,IL,US,WEST JEFFERSON,OH,US
50,RBTW,CHICAGO,IL,US,TAYLOR,PA,US
97,AEQC,GRAND RAPIDS,MI,US,RICHMOND,VA,US
50,FDEG,LANCASTER,TX,US,TUCSON,AZ,US
98,RBTW,CHICAGO,IL,US,LENEXA,KS,US
97,AFXN,LANCASTER,TX,US,FRESNO,TX,US
93,FDEG,DALLAS,TX,US,DENVER,CO,US
75,FDEG,DALLAS,TX,US,CHULA VISTA,CA,US
86,FDEG,DALLAS,TX,US,CONCORD,CA,US
80,FDEG,DALLAS,TX,US,BIRMINGHAM,AL,US
95,AFXN,CHICAGO,IL,US,CHANNAHON,IL,US
84,FDEG,DALLAS,TX,US,NEW BRIGHTON,MN,US
89,FDEG,DALLAS,TX,US,GLENVIEW,IL,US
84,COLL,MILTON,ON,CA,BRAMPTON,ON,CA
89,ODFL,LANCASTER,TX,US,OLIVE BRANCH,MS,US
95,RBTW,RICHMOND,VA,US,WILTON,NY,US
87,AFXN,CHICAGO,IL,US,JOLIET,IL,US
86,RBTW,LANCASTER,TX,US,PALESTINE,TX,US
94,ODFL,LANCASTER,TX,US,EDGERTON,KS,US
50,FDEG,DALLAS,TX,US,LEXINGTON,SC,US
50,FDEG,DALLAS,TX,US,COLORADO SPRINGS,CO,US
87,RBTW,CHICAGO,IL,US,RICHMOND,VA,US
90,RBTW,LOSANGELES,CA,US,BUCKEYE,AZ,US
95,RBTW,LANCASTER,TX,US,SEARCY,AR,US
80,RBTW,MILTON,ON,CA,MILTON,ON,CA
100,DNGS,LANCASTER,TX,US,PALESTINE,TX,US
97,RBTW,LANCASTER,TX,US,KANSAS CITY,KS,US
89,AFXN,CHICAGO,IL,US,SHELBY TOWNSHIP,MI,US
73,FDEG,DALLAS,TX,US,ANAHEIM,CA,US
99,LRGR,RICHMOND,VA,US,SMYRNA,DE,US
90,RBTW,LOSANGELES,CA,US,ONTARIO,CA,US
54,RBTW,LOSANGELES,CA,US,GREENVILLE,TN,US
97,RBTW,RICHMOND,VA,US,PENNS GROVE,NJ,US
97,RBTW,RICHMOND,VA,US,NICHOLS,NY,US
95,AFXN,LANCASTER,TX,US,OKLAHOMA CITY,OK,US
98,RBTW,LOSANGELES,CA,US,TURLOCK,CA,US
95,AEQC,RICHMOND,VA,US,FALL RIVER,MA,US
50,AACT,DALLAS,TX,US,LAKE BUENA VISTA,FL,US
97,FXFC,MILTON,ON,CA,CALGARY,AB,CA
84,AEQC,RICHMOND,VA,US,SUTHERLAND,VA,US
70,FDEG,DALLAS,TX,US,SAN ANTONIO,TX,US
97,FXFC,MILTON,ON,CA,TSAWWASSEN,BC,CA
91,FDEG,DALLAS,TX,US,SAN DIEGO,CA,US
98,DNGS,LANCASTER,TX,US,MIDLOTHIAN,TX,US
95,RBTW,RICHMOND,VA,US,WOODLAND,PA,US
50,FDEG,DALLAS,TX,US,TORONTO,ON,CA
88,RBTW,RICHMOND,VA,US,CANTON,OH,US
97,ODFL,CHICAGO,IL,US,THE COLONY,TX,US
50,RBTW,DALLAS,TX,US,HAUPPAUGE,NY,US
67,ODFL,LOSANGELES,CA,US,PINEY FLATS,TN,US
97,RBTW,LANCASTER,TX,US,NEW BRAUNFELS,TX,US
75,FDEG,DALLAS,TX,US,ALBUQUERQUE,NM,US
98,ODFL,DALLAS,TX,US,ORLANDO,FL,US
80,RBTW,LOSANGELES,CA,US,PUEBLO,CO,US
89,ODFL,RICHMOND,VA,US,CONCORD,NC,US
98,RBTW,CHICAGO,IL,US,GREENFIELD,IN,US
89,AACT,DALLAS,TX,US,TUCKER,GA,US
99,LRGR,LANCASTER,TX,US,NEW BRAUNFELS,TX,US
95,RBTW,LOSANGELES,CA,US,VISALIA,CA,US
97,RBTW,CHICAGO,IL,US,MONROE,OH,US
96,RBTW,CHICAGO,IL,US,SHELBY TOWNSHIP,MI,US
74,RBTW,LOSANGELES,CA,US,MORENO VALLEY,CA,US
90,AEQC,RICHMOND,VA,US,GROVE CITY,OH,US
75,RBTW,CHICAGO,IL,US,GRAND RAPIDS,MI,US
98,DNGS,LANCASTER,TX,US,SANGER,TX,US
80,ODFL,LOSANGELES,CA,US,SUFFOLK,VA,US
95,RBTW,RICHMOND,VA,US,LEWISBERRY,PA,US
99,ODFL,CHICAGO,IL,US,OMAHA,NE,US
67,FDEG,DALLAS,TX,US,ST LOUIS,MO,US
91,ODFL,RICHMOND,VA,US,LOGAN TOWNSHIP,NJ,US
69,FDEG,DALLAS,TX,US,JACKSONVILLE,FL,US
91,HOSD,CHICAGO,IL,US,SPRING VALLEY,IL,US
86,FDEG,DALLAS,TX,US,KATY,TX,US
78,FDEG,DALLAS,TX,US,TULSA,OK,US
86,RBTW,LANCASTER,TX,US,BENTONVILLE,AR,US
67,FDEG,DALLAS,TX,US,KILGORE,TX,US
94,RBTW,LOSANGELES,CA,US,CHICAGO,IL,US
99,RBTW,RICHMOND,VA,US,EASTON,PA,US
92,LOAM,LOSANGELES,CA,US,WOODLAND,CA,US
96,IQLS,SEATTLE,WA,US,CHICAGO,IL,US
50,RBTW,DALLAS,TX,US,OLIVE BRANCH,MS,US
50,RBTW,DALLAS,TX,US,SCHERTZ,TX,US
98,RBTW,RICHMOND,VA,US,LANCASTER,TX,US
94,BNCH,GRAND RAPIDS,MI,US,WAYLAND,MI,US
88,RBTW,RICHMOND,VA,US,MONROE,OH,US
97,ODFL,DALLAS,TX,US,LAS VEGAS,NV,US
67,RBTW,RICHMOND,VA,US,BETHLEHEM,PA,US
100,VDFX,LANCASTER,TX,US,LANCASTER,TX,US
78,RBTW,LOSANGELES,CA,US,SAN BERNARDINO,CA,US
85,LRGR,SEATTLE,WA,US,LOVELAND,CO,US
50,BNCH,DALLAS,TX,US,TILBURG,NL,NL
89,ABFS,CHICAGO,IL,US,SCOTTSVILLE,KY,US
91,RBTW,LANCASTER,TX,US,MADISON,AL,US
98,IQLS,GRAND RAPIDS,MI,US,LOSANGELES,CA,US
97,BGXP,RICHMOND,VA,US,WEST JEFFERSON,OH,US
98,ODFL,DALLAS,TX,US,JERSEY CITY,NJ,US
95,RBTW,RICHMOND,VA,US,WURTSBORO,NY,US
95,ODFL,RICHMOND,VA,US,NORTH CANTON,OH,US
84,ODFL,RICHMOND,VA,US,PRINCE GEORGE,VA,US
50,FDEG,DALLAS,TX,US,LONG BEACH,CA,US
95,RBTW,LANCASTER,TX,US,SCHERTZ,TX,US
72,FDEG,DALLAS,TX,US,QUINCY,IL,US
67,FDEG,DALLAS,TX,US,RACINE,WI,US
95,RBTW,LOSANGELES,CA,US,RIVERSIDE,CA,US
97,AFXN,LOSANGELES,CA,US,RIVERSIDE,CA,US
95,RBTW,LOSANGELES,CA,US,SACRAMENTO,CA,US
93,RBTW,RICHMOND,VA,US,NEW CASTLE,DE,US
67,RBTW,LOSANGELES,CA,US,MADISON,AL,US
100,LRGR,RICHMOND,VA,US,WOODLAND,PA,US
99,ODFL,DALLAS,TX,US,JACKSONVILLE,FL,US
50,RBTW,DALLAS,TX,US,BERKLEY,MI,US
95,AACT,DALLAS,TX,US,HOUSTON,TX,US
98,LRGR,RICHMOND,VA,US,AUBURNDALE,FL,US
75,RBTW,CHICAGO,IL,US,OMAHA,NE,US
84,FDEG,DALLAS,TX,US,SPARKS,NV,US
99,RBTW,CHICAGO,IL,US,MOUNT PLEASANT,IA,US
97,ODFL,DALLAS,TX,US,CAROL STREAM,IL,US
97,ODFL,CHICAGO,IL,US,DORAL,FL,US
96,RBTW,RICHMOND,VA,US,NEWTON,NC,US
67,FDEG,DALLAS,TX,US,PORTLAND,OR,US
99,ODFL,CHICAGO,IL,US,CHICAGO,IL,US
50,NFFI,DELTA,BC,CA,RICHMOND,BC,CA
50,RBTW,DALLAS,TX,US,MOUNT PLEASANT,PA,US
93,LRGR,RICHMOND,VA,US,DOUGLAS,GA,US
85,ODFL,RICHMOND,VA,US,MADISON,AL,US
96,RBTW,RICHMOND,VA,US,AMSTERDAM,NY,US
97,ODFL,DALLAS,TX,US,BELOIT,WI,US
88,FDEG,DALLAS,TX,US,BORDENTOWN,NJ,US
89,AEQC,RICHMOND,VA,US,MOUNT CRAWFORD,VA,US
