carrier,source_city,dest_city,predicted_ontime_performance
HOSD,GRAND RAPIDS,ELWOOD,40.26532745361328
ODFL,ELWOOD,OMAHA,68.72142791748047
ODFL,ELWOOD,HOPKINS,74.80009460449219
ODFL,REDLANDS,MERIDIAN,80.52227783203125
ODFL,ELWOOD,MIAMI,49.61680603027344
ODFL,ELWOOD,AMSTERDAM,48.65865707397461
ODFL,LANCASTER,SEARCY,74.89315032958984
ODFL,REDLANDS,PLAINVIEW,83.0490493774414
ODFL,ELWOOD,SHAKOPEE,44.77191162109375
ODFL,RICHMOND,POTTSVILLE,51.179969787597656
ODFL,RICHMOND,BREINIGSVILLE,63.30523681640625
ODFL,SUMNER,PUYALLUP,55.00162124633789
ODFL,ELWOOD,MIAMI,35.19205093383789
ODFL,LANCASTER,PLAINVIEW,64.92682647705078
ODFL,SUMNER,TRACY,38.93135070800781
RBTW,REDLANDS,DINUBA,36.85530471801758
ODFL,LANCASTER,ROANOKE,72.06629943847656
ODFL,RICHMOND,OPELOUSAS,37.15508270263672
ODFL,ELWOOD,CHEROKEE,36.65286636352539
ODFL,SUMNER,RICHMOND,82.7933349609375
ODFL,LANCASTER,AMARILLO,64.76161193847656
ODFL,RICHMOND,FT PIERCE,52.80723571777344
ODFL,LANCASTER,HOPE MILLS,81.57373046875
RBTW,LANCASTER,ARDMORE,22.212602615356445
ODFL,ELWOOD,LOXLEY,36.09526062011719
RBTW,ELWOOD,WURTSBORO,40.183387756347656
RBTW,GRAND RAPIDS,RICHMOND,16.932870864868164
ODFL,LANCASTER,SANGER,79.54817199707031
ODFL,ELWOOD,HOPKINS,39.95688247680664
ODFL,RICHMOND,SUFFOLK,32.7143440246582
ODFL,LANCASTER,WOODLAND,71.43046569824219
ODFL,ELWOOD,ROME,42.20831298828125
ODFL,REDLANDS,COMMERCE,29.913890838623047
ODFL,LANCASTER,ALACHUA,72.2909164428711
RBTW,GRAND RAPIDS,FENTON,48.77458572387695
ODFL,ELWOOD,HATTIESBURG,28.829181671142578
ODFL,PHARR,BALTIMORE,37.809600830078125
ODFL,LANCASTER,AMSTERDAM,46.53923034667969
ODFL,LANCASTER,PHOENIX,87.99797058105469
ODFL,RICHMOND,FINDLAY,36.786048889160156
ODFL,ELWOOD,MIAMI,38.56929397583008
ODFL,ELWOOD,BROWNSTOWN,43.605690002441406
ODFL,ELWOOD,LEBANON,33.3359375
ODFL,RICHMOND,BOYNTON BEACH,61.644691467285156
ODFL,RICHMOND,WILLIAMSTON,31.355741500854492
RBTW,RICHMOND,ELWOOD,17.012964248657227
ODFL,ELWOOD,MT. CRAWFORD,63.92174530029297
ODFL,REDLANDS,CHINO,33.98945617675781
ODFL,ELWOOD,WINDSOR,28.87607765197754
ODFL,LANCASTER,LUGOFF,53.22272872924805
RBTW,RICHMOND,NICHOLS,12.520710945129395
ODFL,LANCASTER,SANGER,58.819950103759766
ODFL,REDLANDS,CHEHALIS,35.38475036621094
ODFL,RICHMOND,SMYRNA,72.97746276855469
ODFL,RICHMOND,TEWKSBURY,35.25132751464844
ODFL,LANCASTER,DAYTON,41.4869499206543
ODFL,SUMNER,EUGENE,65.75125122070312
ODFL,ELWOOD,ABINGDON,68.55026245117188
ODFL,RICHMOND,WACO,62.0011100769043
ODFL,LANCASTER,LOVELAND,82.18031311035156
ODFL,REDLANDS,STOCKTON,35.51832962036133
ODFL,ELWOOD,MAUMELLE,48.570396423339844
ODFL,REDLANDS,LOVELAND,68.3980484008789
ODFL,RICHMOND,S. PORTLAND,30.941686630249023
ODFL,ELWOOD,EDWARDSVILLE,32.80988693237305
ODFL,ELWOOD,EAU CLAIRE,32.47164535522461
HOSD,GRAND RAPIDS,ELWOOD,8.18960189819336
ODFL,RICHMOND,ABINGDON,54.53574752807617
AFXN,REDLANDS,RIVERSIDE,13.475690841674805
ODFL,RICHMOND,DENVER,29.27615737915039
ODFL,REDLANDS,TOPEKA,43.03620910644531
ODFL,ELWOOD,MIDWAY,39.88810729980469
ODFL,ELWOOD,URBANA,69.17436981201172
ODFL,RICHMOND,MIDLOTHIAN,74.9585952758789
ODFL,ELWOOD,BOYNTON BEACH,76.29327392578125
ODFL,RICHMOND,TOPEKA,34.426544189453125
ODFL,RICHMOND,LOVELAND,82.36944580078125
ODFL,ELWOOD,MIDLAND,61.10400390625
ODFL,LANCASTER,MENOMONIE,81.79412078857422
ODFL,REDLANDS,MIDWAY,64.4761962890625
ODFL,LANCASTER,AMARILLO,34.97127151489258
RBTW,ELWOOD,RICHMOND,14.15610122680664
ODFL,ELWOOD,VILLA RICA,52.94511413574219
ODFL,REDLANDS,ONTARIO,83.36368560791016
ODFL,RICHMOND,DUBLIN,40.90556335449219
RBTW,LANCASTER,ARDMORE,37.35821533203125
ODFL,ELWOOD,TIFTON,40.387901306152344
ODFL,PHARR,MOUNT PLEASANT,18.966676712036133
ODFL,ELWOOD,LA CROSSE,33.402408599853516
ODFL,LANCASTER,BROOKHAVEN,85.62432098388672
ODFL,ELWOOD,PUEBLO,42.84564208984375
ODFL,REDLANDS,GRANTSVILLE,70.33891296386719
ODFL,LANCASTER,SANGER,50.615047454833984
ODFL,ELWOOD,TOBYHANNA,44.14861297607422
ODFL,ELWOOD,WINDSOR,27.951473236083984
ODFL,ELWOOD,OSWEGO,49.158470153808594
ODFL,RICHMOND,WEST JORDAN,62.32892990112305
RBTW,RICHMOND,STAUNTON,47.474056243896484
ODFL,ELWOOD,NEWTON,53.42500305175781
ODFL,LANCASTER,BESSEMER,46.085086822509766
RBTW,REDLANDS,LACEY,24.507164001464844
ODFL,REDLANDS,CHEHALIS,34.24473571777344
ODFL,RICHMOND,WINDSOR,65.8143310546875
ODFL,RICHMOND,WOODLAND,42.32618713378906
ODFL,RICHMOND,WINDSOR,42.618614196777344
ODFL,ELWOOD,WILTON,39.22488021850586
ODFL,RICHMOND,FRENCH CAMP,75.9920654296875
ODFL,LANCASTER,BESSEMER,43.457664489746094
ODFL,RICHMOND,HICKORY,53.67131805419922
ODFL,LANCASTER,LOXLEY,36.18210983276367
ODFL,LANCASTER,STUARTS DRAFT,70.80065155029297
ODFL,LANCASTER,LOXLEY,32.88692092895508
ODFL,ELWOOD,OKLAHOMA CITY,39.91878890991211
ODFL,ELWOOD,CHARLOTTE,31.567310333251953
ODFL,LANCASTER,SHAFTER,45.05950927734375
ODFL,RICHMOND,MILTON,53.67131805419922
ODFL,PHARR,BELOIT,44.5906982421875
ODFL,RICHMOND,GALESBURG,42.87100601196289
ODFL,ELWOOD,OPELOUSAS,41.35466384887695
ODFL,PHARR,TUCSON,79.09889221191406
ODFL,PHARR,BELOIT,24.59135627746582
ODFL,ELWOOD,HOLIDAY CITY,51.43649673461914
ODFL,LANCASTER,OKLAHOMA CITY,43.644710540771484
ODFL,PHARR,RICHMOND,84.97940826416016
ODFL,ELWOOD,BEDFORD HEIGHTS,71.83422088623047
ODFL,RICHMOND,ABINGDON,62.129920959472656
ODFL,RICHMOND,HICKORY,74.61810302734375
ODFL,LANCASTER,BEAVER DAM,75.71974182128906
ODFL,LANCASTER,HOPE MILLS,76.37663269042969
ODFL,ELWOOD,KENOSHA,72.39948272705078
ODFL,LANCASTER,BOYNTON BEACH,90.63948822021484
RBTW,ELWOOD,GRAND RAPIDS,27.234188079833984
ODFL,ELWOOD,SEARCY,61.98025894165039
ODFL,RICHMOND,DUBLIN,80.15941619873047
ODFL,LANCASTER,SEYMOUR,81.72145080566406
ODFL,REDLANDS,PORTLAND,89.63878631591797
ODFL,REDLANDS,LA GRANGE,74.74707794189453
ODFL,REDLANDS,APPLE VALLEY,90.82025909423828
ODFL,LANCASTER,ALACHUA,77.29727935791016
ODFL,ELWOOD,SEYMOUR,74.41211700439453
ODFL,RICHMOND,GROVE CITY,87.54130554199219
ODFL,ELWOOD,RIALTO,64.36534881591797
ODFL,RICHMOND,RAYMOND,74.11078643798828
RBTW,ELWOOD,GROVEPORT,73.44100189208984
ODFL,PHARR,ORLANDO,18.762428283691406
ODFL,ELWOOD,CHARLOTTE,43.67706298828125
ODFL,PHARR,CORONA,51.54095458984375
FXFC,MILTON,BOISBRIAND,94.05987548828125
ODFL,LANCASTER,WOODLAND,79.55765533447266
ODFL,LANCASTER,BESSEMER,51.77533721923828
FXFC,MILTON,GATINEAU,92.75651550292969
ODFL,ELWOOD,URBANA,81.27428436279297
ODFL,PHARR,PHILADELPHIA,61.565887451171875
ODFL,RICHMOND,SEARCY,62.277496337890625
ODFL,RICHMOND,JUPITER,73.06462860107422
ODFL,ELWOOD,TIFTON,47.81357192993164
ODFL,RICHMOND,LAKELAND,75.58834838867188
ODFL,ELWOOD,NEWTON,76.73625946044922
ODFL,REDLANDS,PRESCOTT VALLEY,74.92538452148438
ODFL,RICHMOND,UXBRIDGE,67.85888671875
ODFL,REDLANDS,TRACY,81.44316101074219
ODFL,LANCASTER,LOXLEY,39.36277389526367
ODFL,RICHMOND,STAUNTON,77.335205078125
RBTW,REDLANDS,MIDLOTHIAN,87.79035186767578
ODFL,ELWOOD,CEDAR FALLS,52.96627426147461
ODFL,ELWOOD,EAU CLAIRE,71.66886138916016
ODFL,ELWOOD,PLANO,77.28816986083984
ODFL,RICHMOND,PRINCE GEORGE,55.11759567260742
HOSD,GRAND RAPIDS,ELWOOD,19.2712345123291
ODFL,RICHMOND,PORTLAND,90.53820037841797
ODFL,ELWOOD,HOLIDAY CITY,42.12766647338867
ODFL,PHARR,COPPELL,44.85446548461914
RBTW,GRAND RAPIDS,LANCASTER,12.274688720703125
ODFL,REDLANDS,MADISON,46.72273254394531
ODFL,ELWOOD,SHELBY,39.731544494628906
ODFL,ELWOOD,EAU CLAIRE,39.9999885559082
ODFL,REDLANDS,PORTLAND,85.90576171875
ODFL,REDLANDS,LANCASTER,82.9718246459961
ODFL,ELWOOD,JEFFERSON,39.537288665771484
ODFL,RICHMOND,DUBLIN,35.74306869506836
ODFL,ELWOOD,TOBYHANNA,44.745140075683594
ODFL,LANCASTER,PHOENIX,53.90108871459961
ODFL,RICHMOND,CULLMAN,43.26148223876953
ODFL,ELWOOD,PRESCOTT VALLEY,35.55710220336914
ODFL,RICHMOND,JACKSONVILLE,23.329479217529297
ODFL,REDLANDS,WOODLAND,49.31739044189453
ODFL,ELWOOD,MADISON,40.843353271484375
ODFL,ELWOOD,NORTH CANTON,52.57976150512695
ODFL,ELWOOD,LAKELAND,48.52619171142578
ODFL,REDLANDS,ALBANY,41.70342254638672
ODFL,REDLANDS,SEARCY,49.34425735473633
ODFL,SUMNER,MERIDIAN,65.69514465332031
ODFL,ELWOOD,TYLER,49.70660400390625
ODFL,ELWOOD,STUARTS DRAFT,41.12425231933594
ODFL,RICHMOND,WEST JEFFERSON,80.15249633789062
ODFL,ELWOOD,BROWNSTOWN,62.720191955566406
ODFL,ELWOOD,NEW BRAUNFELS,38.751609802246094
ODFL,ELWOOD,FT PIERCE,40.4635124206543
ODFL,RICHMOND,BURLINGTON,24.253013610839844
ODFL,ELWOOD,RAYMOND,43.60936737060547
ODFL,ELWOOD,CHAMBERSBURG,48.112911224365234
ODFL,ELWOOD,PALESTINE,33.3359375
ODFL,RICHMOND,JUPITER,31.063440322875977
ODFL,ELWOOD,LOVELAND,46.63149642944336
ODFL,SUMNER,LOVELAND,75.21742248535156
ODFL,REDLANDS,ALBANY,41.857810974121094
ODFL,PHARR,LEVITTOWN,22.782546997070312
ODFL,REDLANDS,MORENO VALLEY,35.83799362182617
ODFL,ELWOOD,PHARR,53.59650802612305
ODFL,ELWOOD,SANTA ROSA,73.50167846679688
ODFL,REDLANDS,DAYTON,42.82463073730469
ODFL,RICHMOND,TEWKSBURY,34.47369384765625
ODFL,LANCASTER,BESSEMER,62.206912994384766
RBTW,PHARR,RICHMOND,79.65155029296875
ODFL,ELWOOD,MOUNT PLEASANT,27.425872802734375
ODFL,ELWOOD,SHELBY,38.65268325805664
ODFL,ELWOOD,SEALY,48.137046813964844
ODFL,REDLANDS,INDIANAPOLIS,51.978939056396484
ODFL,LANCASTER,SUFFOLK,80.31073760986328
ODFL,LANCASTER,GRANTSVILLE,81.890869140625
RBTW,ELWOOD,ROMULUS,14.152593612670898
ODFL,SUMNER,EUGENE,71.74807739257812
ODFL,PHARR,CASTLETON,48.739463806152344
ODFL,RICHMOND,BENTONVILLE,66.08634948730469
ODFL,RICHMOND,NICHOLS,40.150482177734375
ODFL,ELWOOD,HATTIESBURG,72.25184631347656
ODFL,LANCASTER,CHARLOTTE,46.465797424316406
ODFL,LANCASTER,BEAVER DAM,81.890869140625
ODFL,LANCASTER,LAKELAND,45.51049041748047
ODFL,RICHMOND,POTTSVILLE,44.964210510253906
ODFL,ELWOOD,READING,43.00822830200195
ODFL,RICHMOND,FONTANA,52.68238830566406
RBTW,PHARR,RICHMOND,79.61296844482422
ODFL,RICHMOND,MADISON,50.147544860839844
AEQC,RICHMOND,KERNERSVILLE,13.761983871459961
ODFL,RICHMOND,BEAVER DAM,37.41548538208008
ODFL,ELWOOD,LUGOFF,42.80101776123047
ODFL,SUMNER,HERMISTON,73.0826644897461
ODFL,RICHMOND,UXBRIDGE,30.486743927001953
ODFL,ELWOOD,JUPITER,48.17451095581055
AEQC,GRAND RAPIDS,RICHMOND,27.627107620239258
ODFL,ELWOOD,BLUFFTON,38.410343170166016
ODFL,RICHMOND,YORK,29.395782470703125
ODFL,LANCASTER,NORTH CANTON,66.17304992675781
RBTW,LANCASTER,WACO,45.587852478027344
RBTW,RICHMOND,PATTERSON,43.5574951171875
ODFL,LANCASTER,PENSACOLA,61.0003547668457
ODFL,LANCASTER,LAKELAND,42.18612289428711
ODFL,LANCASTER,PHOENIX,40.664756774902344
ODFL,RICHMOND,OCONOMOWOC,83.50479888916016
ODFL,LANCASTER,CHARMA,79.69488525390625
ODFL,RICHMOND,COLDWATER,42.78228759765625
ODFL,RICHMOND,BURLINGTON,29.711881637573242
ODFL,ELWOOD,SANTA ROSA,66.90764617919922
ODFL,RICHMOND,BURLINGTON,43.2628288269043
ODFL,ELWOOD,TOPEKA,56.97767639160156
ODFL,ELWOOD,MESQUITE,33.87592315673828
ODFL,ELWOOD,OMAHA,36.295528411865234
ODFL,RICHMOND,WILLIAMSTON,54.73480224609375
ODFL,ELWOOD,CULLMAN,46.8699836730957
ODFL,PHARR,STOCKTON,39.63747787475586
ODFL,PHARR,FENTON,43.67994689941406
ODFL,ELWOOD,MELROSE PARK,62.316036224365234
ODFL,REDLANDS,RANCHO CUCAMONGA,16.017780303955078
ODFL,RICHMOND,HATTIESBURG,38.2645378112793
ODFL,SUMNER,GALESBURG,76.25157165527344
ODFL,SUMNER,TOPEKA,70.21829986572266
ODFL,SUMNER,TYLER,64.71128845214844
ODFL,RICHMOND,WACO,48.361907958984375
ODFL,ELWOOD,PLAINFIELD,48.396663665771484
RBTW,RICHMOND,NEWPORT NEWS,24.676624298095703
RBTW,LANCASTER,WACO,27.149810791015625
ODFL,ELWOOD,SHAKOPEE,35.90106201171875
ODFL,RICHMOND,ELLOREE,47.96873474121094
ODFL,PHARR,WAUREGAN,44.01566696166992
ODFL,RICHMOND,BLACK MOUNTAIN,53.565311431884766
ODFL,LANCASTER,INDIANOLA,54.75979995727539
ODFL,PHARR,COPPELL,36.58915328979492
ODFL,REDLANDS,WOODLAND,74.89352416992188
RBTW,ELWOOD,CLINTON,72.5840835571289
ODFL,LANCASTER,JACKSON,80.31073760986328
ODFL,LANCASTER,GALESBURG,43.6594352722168
ODFL,REDLANDS,LOVELAND,72.8104248046875
ODFL,ELWOOD,GROVE CITY,59.43597412109375
ODFL,PHARR,IMPERIAL,28.218978881835938
ODFL,RICHMOND,WARSAW,64.21680450439453
ODFL,LANCASTER,LUGOFF,79.4773178100586
ODFL,RICHMOND,BLACK MOUNTAIN,74.022705078125
ODFL,ELWOOD,RAYMOND,48.72907257080078
RBTW,RICHMOND,NICHOLS,7.7070207595825195
ODFL,ELWOOD,MOUNT VERNON,40.46443557739258
ODFL,ELWOOD,JOLIET,42.59239959716797
ODFL,ELWOOD,SHELBY,57.452510833740234
ODFL,PHARR,REDLANDS,31.399349212646484
ODFL,ELWOOD,PALESTINE,53.52214431762695
ODFL,ELWOOD,PLANO,51.43649673461914
ODFL,LANCASTER,ST. JAMES,71.322998046875
ODFL,RICHMOND,TIFTON,89.41476440429688
ODFL,PHARR,MILLSBORO,69.9168472290039
ODFL,LANCASTER,MOUNT PLEASANT,56.08344650268555
ODFL,LANCASTER,PORTLAND,91.45021057128906
ODFL,ELWOOD,TOBYHANNA,51.656829833984375
ODFL,LANCASTER,BROOKSVILLE,81.72145080566406
ODFL,RICHMOND,HOPE MILLS,73.32636260986328
ODFL,ELWOOD,URBANA,76.58442687988281
ODFL,LANCASTER,PHOENIX,89.63629913330078
ODFL,RICHMOND,SEYMOUR,80.15941619873047
ODFL,RICHMOND,SEALY,80.15941619873047
ODFL,REDLANDS,PORTERVILLE,88.61402130126953
ODFL,ELWOOD,BRIDGETON,67.36685943603516
ODFL,LANCASTER,WAXAHACHIE,58.23307800292969
ODFL,REDLANDS,MOXEE,63.457275390625
FXFC,MILTON,WOODSTOCK,94.05987548828125
ODFL,LANCASTER,APPLE VALLEY,67.86451721191406
ODFL,ELWOOD,KENOSHA,85.14108276367188
ODFL,LANCASTER,CULLMAN,65.96080017089844
ODFL,LANCASTER,DFW AIRPORT,85.78038787841797
ODFL,ELWOOD,BYRON CENTER,69.89575958251953
ODFL,PHARR,FLOWER MOUND,86.1164779663086
ODFL,PHARR,DENVER,70.51364135742188
ODFL,REDLANDS,SMYRNA,76.98916625976562
ODFL,RICHMOND,DUBLIN,73.06462860107422
FXFC,MILTON,LONDON,59.546627044677734
ODFL,REDLANDS,DINUBA,71.91513061523438
ODFL,ELWOOD,TOPEKA,77.58861541748047
ODFL,PHARR,MONTGOMERY,61.204410552978516
RBTW,ELWOOD,GALESBURG,25.55883026123047
ODFL,ELWOOD,SHAKOPEE,57.85851287841797
ODFL,LANCASTER,NEW BRAUNFELS,56.619407653808594
ODFL,REDLANDS,OPELOUSAS,87.6083755493164
ODFL,REDLANDS,NEW BRAUNFELS,81.4374771118164
ODFL,REDLANDS,HOPE MILLS,88.28304290771484
ODFL,REDLANDS,GROVE CITY,89.43547058105469
ODFL,RICHMOND,GANSEVOORT,38.563758850097656
ODFL,RICHMOND,DISPUTANTA,75.87093353271484
ODFL,RICHMOND,GREENVILLE,66.61637115478516
ODFL,REDLANDS,CHEHALIS,79.13176727294922
ODFL,LANCASTER,TYLER,76.92849731445312
ODFL,ELWOOD,SUMMERVILLE,42.208309173583984
ODFL,REDLANDS,RIALTO,52.875579833984375
ODFL,REDLANDS,WEST JEFFERSON,39.905879974365234
ODFL,ELWOOD,JOLIET,48.234130859375
ODFL,PHARR,EARTH CITY,54.68904495239258
ODFL,ELWOOD,JEFFERSON,38.28220748901367
ODFL,PHARR,ELWOOD,52.93536376953125
ODFL,RICHMOND,HATTIESBURG,36.95412063598633
ODFL,REDLANDS,HAMPTON,44.06151580810547
ODFL,ELWOOD,MARCY,44.745140075683594
ODFL,PHARR,GREENCASTLE,45.379302978515625
ODFL,REDLANDS,TYLER,34.999610900878906
RBTW,GRAND RAPIDS,FENTON,26.003149032592773
ODFL,ELWOOD,MT. CRAWFORD,42.20831298828125
ODFL,ELWOOD,PRINCETON,46.0510368347168
RBTW,REDLANDS,REDLANDS,30.544212341308594
ODFL,RICHMOND,MCLEANSVILLE,74.00527954101562
ODFL,ELWOOD,WILTON,53.340023040771484
ODFL,PHARR,ONTARIO,29.992753982543945
ODFL,LANCASTER,STUARTS DRAFT,53.91900634765625
ODFL,ELWOOD,DACULA,39.68971252441406
ODFL,ELWOOD,MADISON,42.38893508911133
ODFL,LANCASTER,SEARCY,51.019596099853516
ODFL,SUMNER,CLACKAMAS,32.7310791015625
ODFL,RICHMOND,LAKELAND,54.262840270996094
ODFL,LANCASTER,ALBANY,57.37673568725586
ODFL,ELWOOD,HOPE MILLS,42.365570068359375
RBTW,REDLANDS,APPLE VALLEY,2.8861758708953857
ODFL,ELWOOD,WEST JEFFERSON,35.03479766845703
ODFL,LANCASTER,OPELOUSAS,55.205177307128906
ODFL,ELWOOD,SMYRNA,57.30253601074219
ODFL,ELWOOD,SANGER,37.48841094970703
ODFL,ELWOOD,BROOKSVILLE,48.66343307495117
ODFL,ELWOOD,LAKELAND,51.247501373291016
ODFL,REDLANDS,NEWTON,47.473548889160156
ODFL,ELWOOD,MCLEANSVILLE,77.96589660644531
ODFL,ELWOOD,BLUFFTON,34.468441009521484
FXFE,PHARR,BURLINGTON,22.358694076538086
ODFL,LANCASTER,SEARCY,38.61590576171875
ODFL,LANCASTER,CHAMBERSBURG,53.3726806640625
ODFL,PHARR,BRANDON,52.92427444458008
ODFL,LANCASTER,WAXAHACHIE,42.52983856201172
ODFL,RICHMOND,ABINGDON,58.40226364135742
ABFS,LANCASTER,DALLAS,67.73922729492188
ODFL,ELWOOD,PLANT CITY,54.137699127197266
ODFL,ELWOOD,MEDINA,45.28470993041992
ODFL,REDLANDS,NEW BRAUNFELS,54.828739166259766
ODFL,SUMNER,RIALTO,49.65580368041992
ODFL,REDLANDS,GALESBURG,59.344566345214844
ODFL,LANCASTER,VILLA RICA,73.56617736816406
RBTW,GRAND RAPIDS,RICHMOND,11.813104629516602
ODFL,LANCASTER,OSWEGO,53.833091735839844
ODFL,REDLANDS,MERIDIAN,46.40774154663086
ODFL,LANCASTER,OCONOMOWOC,67.73318481445312
ODFL,LANCASTER,BENTONVILLE,67.30487060546875
ODFL,REDLANDS,PUYALLUP,34.00319290161133
ODFL,ELWOOD,CHIPPEWA FALLS,36.0826416015625
ODFL,LANCASTER,FONTANA,68.81843566894531
ODFL,LANCASTER,HUTCHINSON,88.0959243774414
ODFL,LANCASTER,FRIDLEY,36.629478454589844
ODFL,LANCASTER,STUARTS DRAFT,76.1104736328125
ODFL,ELWOOD,NEWTON,36.05371856689453
ODFL,REDLANDS,FINDLAY,50.392295837402344
ODFL,ELWOOD,KENOSHA,67.94571685791016
ODFL,LANCASTER,PLAINVIEW,86.96662139892578
ODFL,ELWOOD,NORFOLK,55.02989959716797
ODFL,PHARR,RICHMOND,71.9074478149414
ODFL,LANCASTER,LUFKIN,75.05525207519531
ODFL,LANCASTER,SUTHERLAND,82.5809097290039
ODFL,LANCASTER,LUGOFF,55.287506103515625
ODFL,ELWOOD,GREENFIELD,35.20149230957031
ABFS,RICHMOND,EDGEWOOD,18.41668701171875
RBTW,RICHMOND,DUBLIN,34.4224739074707
ODFL,RICHMOND,ST. JAMES,53.33888626098633
ODFL,LANCASTER,SAN ANTONIO,36.895545959472656
ODFL,REDLANDS,PHOENIX,38.8939094543457
ODFL,RICHMOND,FINDLAY,54.76091003417969
ODFL,RICHMOND,LENEXA,55.38247299194336
ODFL,RICHMOND,BOYNTON BEACH,80.12622833251953
ODFL,RICHMOND,POTTSVILLE,45.402095794677734
ODFL,RICHMOND,SCHNECKSVILLE,70.72267150878906
ODFL,ELWOOD,MOUNT VERNON,29.116392135620117
ODFL,ELWOOD,BROWNSTOWN,40.09959411621094
RBTW,GRAND RAPIDS,REDLANDS,10.651259422302246
ODFL,ELWOOD,KILGORE,31.781057357788086
RBTW,REDLANDS,REPUBLIC,91.59400177001953
ODFL,ELWOOD,GRAND RAPIDS,34.021873474121094
ODFL,REDLANDS,TOLLESON,69.7994384765625
RBTW,PHARR,REDLANDS,85.18669891357422
ODFL,REDLANDS,TRACY,37.039634704589844
ODFL,ELWOOD,ALACHUA,56.09234619140625
ODFL,LANCASTER,PORTLAND,91.09371185302734
ODFL,REDLANDS,PUYALLUP,31.714824676513672
ODFL,PHARR,CARSON CITY,29.736051559448242
RBTW,REDLANDS,RICHMOND,3.5380795001983643
RBTW,ELWOOD,LENEXA,13.183363914489746
ODFL,ELWOOD,BLUFFTON,44.156925201416016
ODFL,LANCASTER,LONGVIEW,71.54431915283203
ODFL,LANCASTER,SAN ANTONIO,35.12214279174805
ODFL,ELWOOD,GREENFIELD,39.81302261352539
ODFL,ELWOOD,EDWARDSVILLE,32.36056900024414
ODFL,RICHMOND,NEWPORT NEWS,45.511695861816406
ODFL,ELWOOD,PHOENIX,37.35704803466797
ABFS,LANCASTER,CORSICANA,32.379268646240234
ODFL,LANCASTER,WACO,41.361419677734375
ODFL,PHARR,FERNLEY,57.86663818359375
ODFL,ELWOOD,LANSING,63.68741989135742
ODFL,PHARR,HOUSTON,31.34041976928711
ODFL,ELWOOD,INWOOD,36.943519592285156
ODFL,PHARR,PLAINFIELD,25.658723831176758
ODFL,ELWOOD,BENTONVILLE,42.476661682128906
ODFL,REDLANDS,IRVINE,88.61402130126953
ODFL,ELWOOD,HOPE MILLS,37.05498123168945
ODFL,ELWOOD,JEFFERSON,37.80019760131836
ODFL,ELWOOD,SUN PRAIRIE,62.397979736328125
ODFL,LANCASTER,TOBYHANNA,53.279422760009766
ODFL,LANCASTER,GROVE CITY,83.16374206542969
RBTW,RICHMOND,FISHERSVILLE,51.557411193847656
ODFL,ELWOOD,URBANA,56.175846099853516
ODFL,ELWOOD,WINDSOR,31.245153427124023
ODFL,RICHMOND,NORTH CANTON,61.366546630859375
ODFL,ELWOOD,HOPKINS,52.05611038208008
ODFL,LANCASTER,DAYTON,53.43058776855469
ODFL,LANCASTER,LOGAN TOWNSHIP,60.46636199951172
ODFL,LANCASTER,LUBBOCK,57.545654296875
ODFL,RICHMOND,LA GRANGE,82.35181427001953
ODFL,LANCASTER,MIDWAY,59.12946319580078
ODFL,LANCASTER,OCONOMOWOC,88.77417755126953
RBTW,GRAND RAPIDS,RICHMOND,35.08822250366211
ODFL,RICHMOND,JACKSONVILLE,48.9134521484375
ODFL,LANCASTER,WILMER,69.53163146972656
ODFL,REDLANDS,BUCKEYE,65.3213119506836
ODFL,ELWOOD,VILLA RICA,71.93830108642578
ODFL,ELWOOD,PRINCETON,74.80009460449219
ABFS,LANCASTER,CORSICANA,44.79616165161133
ODFL,ELWOOD,LOVELAND,71.37828063964844
ODFL,PHARR,NORCROSS,55.72745895385742
AEQC,RICHMOND,FALL RIVER,40.39585494995117
ODFL,ELWOOD,BOCA RATON,67.70526123046875
ODFL,ELWOOD,FT PIERCE,52.09764862060547
ODFL,ELWOOD,CULLMAN,71.20890808105469
ODFL,RICHMOND,WILLIAMSTON,67.9534683227539
ODFL,LANCASTER,HERMISTON,77.88536834716797
ODFL,ELWOOD,LA GRANGE,76.10160827636719
FXFC,MILTON,TROIS-RIVIERES OUEST,94.05987548828125
ODFL,ELWOOD,BROOKHAVEN,74.84019470214844
ODFL,REDLANDS,DOUGLAS,87.65974426269531
ODFL,ELWOOD,MIDWAY,49.644927978515625
ODFL,LANCASTER,ARDMORE,44.25533676147461
ODFL,RICHMOND,DENVER,90.09716796875
ODFL,REDLANDS,PUEBLO,57.65977478027344
ODFL,ELWOOD,LOGAN TOWNSHIP,74.54296112060547
ODFL,RICHMOND,NEWPORT NEWS,55.010921478271484
ODFL,RICHMOND,ZANESVILLE,50.407470703125
ODFL,RICHMOND,HOPKINSVILLE,70.1511001586914
ODFL,LANCASTER,WACO,50.356388092041016
ODFL,REDLANDS,AURORA,73.74314880371094
ODFL,ELWOOD,SHELBY,54.651485443115234
ODFL,RICHMOND,MCLEANSVILLE,88.2145004272461
ODFL,ELWOOD,HOPKINS,56.297420501708984
RBTW,LANCASTER,SCHERTZ,34.742515563964844
ODFL,ELWOOD,ST. CLOUD,71.24396514892578
RBTW,SUMNER,PATTERSON,16.915721893310547
ODFL,SUMNER,CLACKAMAS,52.31362533569336
RBTW,GRAND RAPIDS,RICHMOND,13.717619895935059
ODFL,LANCASTER,DAYTON,42.10641860961914
ODFL,LANCASTER,FRIDLEY,62.651371002197266
ODFL,RICHMOND,COLDWATER,37.321468353271484
ODFL,ELWOOD,LUGOFF,47.535911560058594
ODFL,LANCASTER,MOUNT PLEASANT,81.8200912475586
RBTW,RICHMOND,WINCHESTER,54.16438674926758
ODFL,RICHMOND,PENSACOLA,23.382884979248047
ODFL,PHARR,LAKELAND,31.231176376342773
ODFL,RICHMOND,SANGER,80.74182891845703
ODFL,ELWOOD,EDWARDSVILLE,35.136966705322266
ODFL,LANCASTER,INDIANAPOLIS,54.718101501464844
ODFL,REDLANDS,LOVELAND,61.61171340942383
ODFL,ELWOOD,APPLE VALLEY,42.84564208984375
ODFL,ELWOOD,SEALY,52.10981369018555
ODFL,SUMNER,AURORA,28.254737854003906
ODFL,ELWOOD,TOPEKA,67.88529968261719
ODFL,RICHMOND,NICHOLS,51.812923431396484
ODFL,ELWOOD,PLAINVIEW,29.270767211914062
ODFL,ELWOOD,HOLIDAY CITY,41.859703063964844
ODFL,ELWOOD,EAU CLAIRE,38.46776580810547
ODFL,ELWOOD,SEARCY,48.007240295410156
ODFL,RICHMOND,MADISON,42.094093322753906
ODFL,RICHMOND,PERRYSBURG,26.833194732666016
ODFL,ELWOOD,CULLMAN,36.54195785522461
ODFL,PHARR,CHARLOTTE,34.5057373046875
ODFL,ELWOOD,OCONOMOWOC,78.45994567871094
ODFL,REDLANDS,WEST JEFFERSON,67.07776641845703
ODFL,PHARR,ONTARIO,20.532976150512695
ODFL,LANCASTER,AMSTERDAM,47.331790924072266
ODFL,RICHMOND,MOUNT PLEASANT,53.85333251953125
ODFL,LANCASTER,MIDWAY,67.66838836669922
ODFL,LANCASTER,TIFTON,69.97012329101562
ODFL,ELWOOD,OKLAHOMA CITY,40.138423919677734
ODFL,RICHMOND,CARLISLE,26.244205474853516
ODFL,RICHMOND,ALACHUA,32.9969596862793
ODFL,RICHMOND,MCLEANSVILLE,37.38780212402344
ODFL,RICHMOND,RAYMOND,33.62720489501953
ODFL,LANCASTER,RIALTO,84.24940490722656
ODFL,RICHMOND,NORTH CANTON,29.291284561157227
ODFL,RICHMOND,CHARLOTTE,86.61305236816406
ODFL,SUMNER,SHAFTER,51.58659362792969
ODFL,LANCASTER,WEST JEFFERSON,63.58829879760742
ODFL,RICHMOND,SEALY,54.9759635925293
ODFL,RICHMOND,NEWPORT NEWS,23.046751022338867
ODFL,RICHMOND,JEFFERSON,30.88597297668457
ODFL,REDLANDS,OKLAHOMA CITY,44.065494537353516
ODFL,ELWOOD,LOVELAND,55.59840393066406
ODFL,SUMNER,CHIPPEWA FALLS,65.79133605957031
ODFL,RICHMOND,LA GRANGE,66.08634948730469
ODFL,ELWOOD,LOXLEY,52.69485855102539
ODFL,ELWOOD,TYLER,47.36598587036133
ODFL,ELWOOD,VILLA RICA,35.1500358581543
ABFS,LANCASTER,DESOTO,46.90262222290039
RBTW,RICHMOND,ELWOOD,13.549515724182129
ODFL,PHARR,HOUSTON,30.00867462158203
ODFL,PHARR,ORLANDO,30.1637020111084
ODFL,REDLANDS,MORENO VALLEY,48.06690979003906
ODFL,LANCASTER,KANSAS CITY,39.30851364135742
ODFL,RICHMOND,LENEXA,51.36750793457031
ODFL,LANCASTER,ROANOKE,61.466209411621094
ODFL,ELWOOD,NEWPORT NEWS,29.677370071411133
ODFL,RICHMOND,NEWPORT NEWS,27.7163028717041
ODFL,ELWOOD,WILTON,54.54708480834961
ODFL,REDLANDS,PRESCOTT VALLEY,36.13835906982422
ODFL,LANCASTER,WILTON,76.21363067626953
ODFL,RICHMOND,CARLISLE,36.7811279296875
ODFL,LANCASTER,MIAMI,83.86609649658203
ODFL,RICHMOND,STAUNTON,47.534393310546875
ODFL,LANCASTER,WILMER,49.94054412841797
ODFL,REDLANDS,PHOENIX,72.93783569335938
HOSD,GRAND RAPIDS,ELWOOD,13.76837158203125
ODFL,LANCASTER,SEARCY,46.42497634887695
ODFL,ELWOOD,PORTLAND,48.08690643310547
RBTW,LANCASTER,FREDERICKSBURG,84.28395080566406
ODFL,RICHMOND,FRIDLEY,35.86825180053711
ODFL,PHARR,SOUTHAVEN,47.930419921875
ODFL,REDLANDS,FARR WEST,65.06647491455078
ODFL,PHARR,CHANNAHON,59.07588195800781
ODFL,ELWOOD,MARCY,49.82541275024414
ODFL,LANCASTER,TIFTON,74.00567626953125
ODFL,RICHMOND,MCLEANSVILLE,82.14948272705078
ODFL,RICHMOND,MOUNT PLEASANT,49.9305534362793
ODFL,REDLANDS,MADISON,49.206485748291016
ABFS,REDLANDS,SAN BERNARDINO,25.642654418945312
ODFL,RICHMOND,PLANT CITY,38.01248550415039
ODFL,PHARR,ONTARIO,14.187018394470215
ODFL,ELWOOD,KANSAS CITY,33.187747955322266
ODFL,PHARR,LAS VEGAS,20.636234283447266
ODFL,ELWOOD,OCONOMOWOC,72.95435333251953
ODFL,LANCASTER,FRIDLEY,44.69073486328125
ODFL,RICHMOND,MENOMONIE,52.64255905151367
ODFL,ELWOOD,OKLAHOMA CITY,36.069576263427734
ODFL,ELWOOD,WILLIAMSTON,42.154476165771484
RBTW,ELWOOD,LACEY,44.423797607421875
ODFL,ELWOOD,MADISON,34.44750213623047
ODFL,LANCASTER,ROANOKE,69.44444274902344
ODFL,PHARR,COPPELL,26.245683670043945
ODFL,PHARR,CHARLOTTE,27.547353744506836
ODFL,PHARR,DETROIT,66.27875518798828
ODFL,RICHMOND,MANCHESTER,40.924312591552734
ODFL,ELWOOD,EAU CLAIRE,51.43649673461914
ODFL,RICHMOND,POTTSVILLE,52.23511505126953
ODFL,ELWOOD,MOUNT PLEASANT,34.00603485107422
FXFC,MILTON,BOUCHERVILLE,37.626190185546875
ODFL,RICHMOND,UXBRIDGE,45.51169967651367
ODFL,ELWOOD,TAYLOR,61.610435485839844
ODFL,PHARR,LONDON,24.40633773803711
ODFL,ELWOOD,JACKSONVILLE,61.610435485839844
ODFL,ELWOOD,LENEXA,28.006284713745117
ODFL,LANCASTER,MCLEANSVILLE,83.0154037475586
ODFL,RICHMOND,SHELBY,65.25853729248047
ODFL,RICHMOND,SUN PRAIRIE,86.42118835449219
ODFL,PHARR,ELWOOD,36.59025955200195
ODFL,ELWOOD,LUGOFF,72.36033630371094
ODFL,ELWOOD,CLINTON,65.76482391357422
ODFL,RICHMOND,SMYRNA,85.77173614501953
ODFL,LANCASTER,OPELOUSAS,53.21221160888672
ODFL,RICHMOND,FT PIERCE,58.68130874633789
ODFL,ELWOOD,GREENFIELD,86.72044372558594
ODFL,RICHMOND,PHOENIX,90.89674377441406
ODFL,RICHMOND,MENOMONIE,81.26766967773438
LRGR,ELWOOD,ROMEOVILLE,53.42134094238281
ODFL,PHARR,BRIGHTON,71.40947723388672
ODFL,LANCASTER,ONTARIO,84.19705963134766
ODFL,PHARR,LEVITTOWN,34.98843765258789
ODFL,PHARR,HOUSTON,76.10066223144531
ODFL,RICHMOND,HATTIESBURG,56.51637268066406
ODFL,REDLANDS,LOVELAND,73.83282470703125
ODFL,ELWOOD,SEARCY,76.90455627441406
ODFL,ELWOOD,MT. CRAWFORD,75.96243286132812
LRGR,LANCASTER,PLAINVIEW,5.990238189697266
ODFL,RICHMOND,SANGER,89.99444580078125
ODFL,LANCASTER,SANGER,87.4178695678711
ODFL,RICHMOND,COLDWATER,78.4159927368164
ODFL,RICHMOND,URBANA,85.55953216552734
ODFL,REDLANDS,SANGER,78.1038818359375
ODFL,REDLANDS,MENOMONIE,76.88823699951172
ODFL,ELWOOD,PANAMA CITY,68.83820343017578
ODFL,ELWOOD,WOODLAND,72.87975311279297
RBTW,LANCASTER,ARDMORE,74.1435775756836
ODFL,ELWOOD,JOLIET,88.17272186279297
ODFL,ELWOOD,PORTLAND,49.85340118408203
ODFL,ELWOOD,CLEVELAND,47.23396301269531
ODFL,ELWOOD,MOUNT VERNON,57.07996368408203
ODFL,PHARR,LONDON,68.59954833984375
ODFL,REDLANDS,SEARCY,93.3109130859375
ODFL,REDLANDS,WEST JORDAN,91.329345703125
ODFL,PHARR,CLEARWATER,55.03938293457031
ODFL,LANCASTER,FRESNO,90.05590057373047
ODFL,SUMNER,LOVELAND,47.84828567504883
ODFL,RICHMOND,CARLISLE,40.98991012573242
ODFL,ELWOOD,AMSTERDAM,39.84000778198242
ODFL,RICHMOND,DUNN,55.11759567260742
ODFL,ELWOOD,PRESCOTT VALLEY,36.1663818359375
ODFL,REDLANDS,TOPEKA,33.452449798583984
RBTW,REDLANDS,RIALTO,4.316742897033691
ODFL,ELWOOD,MIDWAY,39.897918701171875
ODFL,ELWOOD,TIFTON,43.1768684387207
RBTW,LANCASTER,KANSAS CITY,14.137381553649902
ODFL,RICHMOND,BURLINGTON,32.797203063964844
ODFL,RICHMOND,LOVELAND,61.040401458740234
RBTW,LANCASTER,SAN ANTONIO,20.93747329711914
ODFL,ELWOOD,CHIPPEWA FALLS,32.40234375
ODFL,ELWOOD,OCONOMOWOC,73.21546173095703
ODFL,ELWOOD,LENEXA,34.58809280395508
ODFL,PHARR,BIRMINGHAM,44.602294921875
RBTW,SUMNER,ELWOOD,17.333967208862305
ODFL,REDLANDS,CLACKAMAS,34.45962142944336
ODFL,REDLANDS,FONTANA,37.85126495361328
ODFL,ELWOOD,MOUNT VERNON,35.442176818847656
ODFL,ELWOOD,MCLEANSVILLE,75.51673889160156
ODFL,REDLANDS,LENEXA,36.10834503173828
ODFL,ELWOOD,SUN PRAIRIE,87.34526062011719
ODFL,SUMNER,STOCKTON,43.131446838378906
ODFL,LANCASTER,WACO,60.986473083496094
ODFL,ELWOOD,MARCY,38.2801628112793
ODFL,REDLANDS,MIDLOTHIAN,85.9888916015625
ODFL,LANCASTER,PALESTINE,61.203670501708984
ODFL,RICHMOND,WOODLAND,47.850521087646484
ODFL,LANCASTER,LONGVIEW,55.06665802001953
ODFL,LANCASTER,WILTON,44.80086135864258
RBTW,RICHMOND,BURLINGTON,25.49835205078125
RBTW,REDLANDS,ELWOOD,25.717731475830078
RBTW,ELWOOD,RICHMOND,18.913742065429688
RBTW,ELWOOD,REDLANDS,25.747377395629883
ODFL,RICHMOND,READING,42.98014450073242
ODFL,REDLANDS,WACO,53.54889678955078
ODFL,ELWOOD,KILGORE,41.195289611816406
ODFL,REDLANDS,MERIDIAN,82.32848358154297
ODFL,ELWOOD,PHOENIX,39.991424560546875
ODFL,ELWOOD,WILMER,38.51088333129883
ODFL,LANCASTER,LONGVIEW,71.86915588378906
ODFL,PHARR,LONDON,38.25716781616211
ODFL,RICHMOND,MENOMONIE,50.99256134033203
RBTW,PHARR,LANCASTER,83.78367614746094
ODFL,RICHMOND,OKLAHOMA CITY,57.8369026184082
ODFL,ELWOOD,LOGAN TOWNSHIP,44.075355529785156
RBTW,RICHMOND,LEWISBERRY,30.442840576171875
ODFL,LANCASTER,BUCKEYE,73.56617736816406
ODFL,ELWOOD,PORTLAND,40.253746032714844
ODFL,ELWOOD,OTTAWA,38.70866775512695
ODFL,ELWOOD,HOLIDAY CITY,38.47185516357422
ODFL,ELWOOD,MENOMONIE,38.377342224121094
ODFL,RICHMOND,SHELBY,42.24659729003906
ODFL,ELWOOD,SMYRNA,75.04820251464844
ODFL,REDLANDS,MOXEE,38.44572448730469
ODFL,LANCASTER,OCONOMOWOC,68.98628234863281
ODFL,PHARR,MIAMI,56.166831970214844
ODFL,RICHMOND,OCONOMOWOC,52.0283088684082
ODFL,LANCASTER,HATTIESBURG,80.03459930419922
ODFL,LANCASTER,DOUGLAS,76.69136810302734
ODFL,LANCASTER,HOPKINSVILLE,81.890869140625
RBTW,REDLANDS,DINUBA,44.491912841796875
ODFL,LANCASTER,AMSTERDAM,51.20330047607422
ODFL,REDLANDS,CHEHALIS,42.75818634033203
ODFL,LANCASTER,MCLEANSVILLE,82.24020385742188
ODFL,LANCASTER,NEW BRAUNFELS,40.812374114990234
ODFL,ELWOOD,PRINCETON,34.149993896484375
ODFL,ELWOOD,AMSTERDAM,36.452388763427734
RBTW,ELWOOD,GROVEPORT,22.90261459350586
RBTW,SUMNER,LANCASTER,37.90440368652344
ODFL,PHARR,FERNLEY,46.9072265625
ODFL,SUMNER,RIVERSIDE,64.4038314819336
ODFL,REDLANDS,STUARTS DRAFT,70.78156280517578
ODFL,LANCASTER,LOGAN TOWNSHIP,60.418487548828125
ODFL,LANCASTER,PALESTINE,69.80875396728516
ODFL,REDLANDS,STOCKTON,27.404550552368164
ODFL,ELWOOD,LENEXA,33.425296783447266
ODFL,ELWOOD,HOPKINS,35.90106201171875
ODFL,LANCASTER,DACULA,57.63783264160156
ODFL,LANCASTER,MIDWAY,65.78797149658203
ODFL,REDLANDS,WOODLAND,52.373897552490234
ODFL,PHARR,KANSAS CITY,36.02273178100586
RBTW,LANCASTER,FORT WAYNE,85.69050598144531
ODFL,SUMNER,MADISON,77.3233642578125
ODFL,RICHMOND,SACRAMENTO,63.34967803955078
ODFL,LANCASTER,OKLAHOMA CITY,35.36450958251953
ODFL,RICHMOND,SEYMOUR,63.82423782348633
ODFL,RICHMOND,DACULA,64.73079681396484
ABFS,RICHMOND,FINDLAY,44.470794677734375
ODFL,LANCASTER,HUTCHINSON,71.63958740234375
ODFL,LANCASTER,PRINCETON,85.53826141357422
ODFL,PHARR,GROVEPORT,30.85736656188965
ODFL,ELWOOD,SANGER,50.22858428955078
ODFL,ELWOOD,OCONOMOWOC,80.97078704833984
ODFL,LANCASTER,FONTANA,68.13883209228516
RBTW,RICHMOND,ELWOOD,27.416309356689453
ODFL,RICHMOND,MCLEANSVILLE,65.68574523925781
ODFL,LANCASTER,MADISON,57.846866607666016
ODFL,ELWOOD,MADISON,40.316078186035156
ODFL,RICHMOND,LAKELAND,65.65771484375
ODFL,RICHMOND,CARLISLE,54.22632598876953
RBTW,LANCASTER,ARDMORE,16.202112197875977
ODFL,LANCASTER,CULLMAN,75.23626708984375
ODFL,RICHMOND,WELLS,68.68922424316406
ODFL,ELWOOD,DACULA,47.6197395324707
ODFL,PHARR,MONTGOMERY,33.47040557861328
ODFL,LANCASTER,LUFKIN,77.17869567871094
ODFL,RICHMOND,LENEXA,63.533199310302734
ODFL,ELWOOD,SUN PRAIRIE,71.83422088623047
ODFL,ELWOOD,AMSTERDAM,41.45043182373047
ODFL,ELWOOD,GROVE CITY,63.128936767578125
ODFL,PHARR,OLIVE BRANCH,65.77203369140625
ODFL,LANCASTER,STUARTS DRAFT,84.91067504882812
ODFL,ELWOOD,BEAVER DAM,76.58442687988281
ODFL,ELWOOD,KENOSHA,77.65263366699219
ODFL,REDLANDS,HERMISTON,71.26008605957031
RBTW,ELWOOD,POMPANO BEACH,44.515933990478516
ODFL,ELWOOD,LA GRANGE,65.0265121459961
RBTW,GRAND RAPIDS,DELTA,14.410459518432617
ODFL,RICHMOND,TOBYHANNA,77.53343200683594
ODFL,RICHMOND,BROOKHAVEN,82.49602508544922
ODFL,RICHMOND,FREDERICKSBURG,52.200706481933594
ODFL,LANCASTER,KANSAS CITY,59.03337097167969
ODFL,RICHMOND,JEFFERSON,57.14608383178711
ODFL,PHARR,COPPELL,68.43284606933594
ODFL,RICHMOND,ST. JAMES,83.63786315917969
ODFL,LANCASTER,HOPE MILLS,69.46171569824219
ODFL,RICHMOND,WELLS,87.93970489501953
ODFL,ELWOOD,BLOOMINGTON,83.02749633789062
FXFC,MILTON,ST LEONARD,94.6502456665039
ODFL,LANCASTER,GREENFIELD,83.29801177978516
RBTW,ELWOOD,LENEXA,28.88028335571289
ODFL,RICHMOND,FINDLAY,74.74384307861328
ODFL,ELWOOD,WINDSOR,44.81998825073242
ODFL,RICHMOND,WINDSOR,64.43098449707031
ODFL,RICHMOND,SPRING VALLEY,66.38697052001953
ODFL,RICHMOND,BURLINGTON,77.335205078125
ODFL,RICHMOND,PERRYSBURG,58.88861846923828
ODFL,RICHMOND,ABINGDON,66.61637115478516
ODFL,PHARR,CHARLOTTE,52.673004150390625
ODFL,ELWOOD,CHAMBERSBURG,66.84622192382812
ODFL,ELWOOD,WILTON,66.8890609741211
ODFL,RICHMOND,CARLISLE,66.9402847290039
ODFL,REDLANDS,SHELBY,89.11262512207031
ODFL,REDLANDS,MOUNT CRAWFORD,88.12602996826172
ODFL,REDLANDS,PALESTINE,90.3686294555664
ODFL,ELWOOD,MIDLOTHIAN,79.93183135986328
ODFL,PHARR,HAUPPAUGE,19.269195556640625
ODFL,REDLANDS,HAMPTON,65.62629699707031
ODFL,RICHMOND,SALISBURY,66.61637115478516
ODFL,ELWOOD,HOLIDAY CITY,71.66886138916016
ODFL,ELWOOD,BLUFFTON,47.84439468383789
ODFL,ELWOOD,GRANTSVILLE,42.84564208984375
ODFL,ELWOOD,ALACHUA,40.85585021972656
ODFL,PHARR,HAUPPAUGE,25.7631778717041
ODFL,ELWOOD,CHAMBERSBURG,36.65286636352539
ODFL,ELWOOD,LA CROSSE,49.49628829956055
ODFL,ELWOOD,WEST JEFFERSON,36.777198791503906
ODFL,LANCASTER,CHAMBERSBURG,47.17072677612305
ODFL,REDLANDS,MIDLOTHIAN,72.3584976196289
ODFL,RICHMOND,BLACK MOUNTAIN,57.28976821899414
ODFL,REDLANDS,PHOENIX,45.15392303466797
ODFL,ELWOOD,FT PIERCE,42.31708526611328
ODFL,ELWOOD,HOPE MILLS,46.72053527832031
ODFL,ELWOOD,GROVE CITY,65.66112518310547
ODFL,ELWOOD,RAYMOND,44.745140075683594
ODFL,LANCASTER,OKLAHOMA CITY,41.01088333129883
ODFL,REDLANDS,BUCKEYE,76.54743957519531
ODFL,REDLANDS,RED BLUFF,50.72144317626953
ODFL,REDLANDS,GRANTSVILLE,46.00199890136719
ODFL,REDLANDS,PORTERVILLE,78.14886474609375
ODFL,REDLANDS,GALESBURG,26.13629913330078
RBTW,RICHMOND,LANCASTER,36.24735641479492
ODFL,RICHMOND,MANCHESTER,25.27684211730957
ODFL,ELWOOD,ST. CLOUD,52.41938781738281
ODFL,REDLANDS,MADISON,35.03813934326172
ODFL,RICHMOND,STAUNTON,55.11759567260742
RBTW,RICHMOND,STAUNTON,12.982061386108398
ODFL,LANCASTER,LENEXA,53.593994140625
ODFL,ELWOOD,MIDLOTHIAN,72.97647857666016
ODFL,PHARR,MOUNT PLEASANT,23.393787384033203
ODFL,LANCASTER,NEWTON,49.59987258911133
ODFL,SUMNER,SHAFTER,58.17641067504883
ODFL,RICHMOND,MIDWAY,73.92408752441406
ODFL,ELWOOD,DAYTON,29.27183723449707
ODFL,ELWOOD,ALACHUA,48.66343307495117
ODFL,ELWOOD,BROOKHAVEN,51.83659744262695
ODFL,ELWOOD,BENTONVILLE,32.82517623901367
ODFL,PHARR,FENTON,29.96324920654297
ODFL,ELWOOD,WOODLAND,39.02201461791992
ODFL,REDLANDS,AMSTERDAM,45.62782669067383
ODFL,ELWOOD,PLANT CITY,38.32295608520508
ODFL,ELWOOD,TOBYHANNA,51.83659744262695
ODFL,ELWOOD,CLEVELAND,34.73256301879883
ODFL,PHARR,WARREN,42.923404693603516
ODFL,ELWOOD,ST. JAMES,79.904052734375
ODFL,REDLANDS,WOODLAND,59.09989929199219
ODFL,RICHMOND,WINDSOR,35.82835388183594
ODFL,ELWOOD,OPELOUSAS,41.516353607177734
ODFL,ELWOOD,BROOKPARK,31.795574188232422
ODFL,LANCASTER,NEWTON,41.911376953125
ODFL,RICHMOND,BREINIGSVILLE,53.70078659057617
ODFL,PHARR,REDLANDS,32.774696350097656
ODFL,PHARR,COPPELL,33.1985969543457
RBTW,GRAND RAPIDS,REDLANDS,39.9894905090332
ODFL,REDLANDS,DAYTON,59.272705078125
ODFL,LANCASTER,SHAFTER,71.7568588256836
ODFL,ELWOOD,CHIPPEWA FALLS,45.264888763427734
ODFL,LANCASTER,GALESBURG,42.84479522705078
RBTW,SUMNER,CLACKAMAS,58.44054412841797
ODFL,SUMNER,PUYALLUP,42.634193420410156
ODFL,PHARR,BERKLEY,42.923404693603516
ODFL,REDLANDS,NEWPORT NEWS,68.5097427368164
ODFL,SUMNER,FONTANA,50.2904052734375
ODFL,REDLANDS,WEST JORDAN,35.98604965209961
ODFL,ELWOOD,WARRENSVILLE HEIGHTS,65.69046020507812
ODFL,ELWOOD,LOVELAND,43.073368072509766
ODFL,REDLANDS,MIDWAY,63.66923904418945
RBTW,REDLANDS,TURLOCK,36.119747161865234
RBTW,ELWOOD,READING,78.9292221069336
ODFL,RICHMOND,MIDLOTHIAN,48.60078811645508
ODFL,RICHMOND,TYLER,48.783390045166016
ODFL,ELWOOD,PRINCETON,34.258724212646484
ODFL,ELWOOD,SHAFTER,63.51617431640625
ODFL,RICHMOND,WELLS,38.99070358276367
RBTW,GRAND RAPIDS,LANCASTER,6.866575717926025
ODFL,REDLANDS,RIALTO,59.86503219604492
ODFL,ELWOOD,MIDLOTHIAN,77.7340316772461
ODFL,ELWOOD,RIALTO,56.08561706542969
ODFL,ELWOOD,PUEBLO,41.043434143066406
ODFL,RICHMOND,TEWKSBURY,33.61517333984375
ABFS,LANCASTER,CORSICANA,28.999725341796875
RBTW,RICHMOND,POTTSVILLE,50.437950134277344
ODFL,PHARR,ONTARIO,25.04381561279297
ABFS,LANCASTER,GRAIN VALLEY,32.68748092651367
ODFL,REDLANDS,RICHMOND,73.10418701171875
ODFL,RICHMOND,HATTIESBURG,49.98527145385742
ODFL,REDLANDS,LEBEC,58.68592071533203
ODFL,REDLANDS,FARR WEST,64.94732666015625
ODFL,ELWOOD,NORFOLK,62.316036224365234
ODFL,LANCASTER,BOYNTON BEACH,83.86902618408203
ODFL,LANCASTER,KANSAS CITY,36.968910217285156
ODFL,RICHMOND,JEFFERSON,36.75613021850586
ODFL,LANCASTER,LONGVIEW,51.19794464111328
RBTW,GRAND RAPIDS,FENTON,31.562402725219727
ODFL,ELWOOD,WEST JEFFERSON,35.20625305175781
ODFL,PHARR,GREENCASTLE,33.290130615234375
RBTW,ELWOOD,RICHMOND,13.520458221435547
ODFL,ELWOOD,MEDINA,42.194053649902344
ODFL,ELWOOD,SANGER,49.87632751464844
ODFL,REDLANDS,OCONOMOWOC,80.56687927246094
ODFL,PHARR,ELWOOD,74.14569091796875
ODFL,RICHMOND,TAYLOR,45.093894958496094
ODFL,LANCASTER,CHIPPEWA FALLS,45.31404495239258
ODFL,LANCASTER,RIALTO,46.22136688232422
ODFL,ELWOOD,BROOKSVILLE,53.683555603027344
LRGR,SUMNER,REDLANDS,83.68399810791016
ODFL,RICHMOND,MEDINA,35.43744659423828
ODFL,LANCASTER,ARDMORE,37.289451599121094
ODFL,PHARR,GREENCASTLE,46.69343948364258
ODFL,ELWOOD,SMYRNA,66.92118835449219
ODFL,RICHMOND,MARCY,64.3222427368164
ODFL,ELWOOD,READING,54.31618118286133
ODFL,RICHMOND,INDIANAPOLIS,74.11078643798828
ODFL,RICHMOND,MARCY,73.66661071777344
ODFL,RICHMOND,MIDWAY,46.72444534301758
ODFL,LANCASTER,TIFTON,81.22900390625
ODFL,ELWOOD,MCLEANSVILLE,79.01264190673828
ODFL,LANCASTER,FRENCH CAMP,66.52058410644531
ODFL,REDLANDS,ARVIN,84.110107421875
ODFL,LANCASTER,SMYRNA,78.87506103515625
ODFL,LANCASTER,MT. CRAWFORD,75.71973419189453
ODFL,PHARR,LAKE BUENA VISTA,65.62682342529297
ODFL,RICHMOND,JUPITER,47.59379577636719
ODFL,REDLANDS,MORENO VALLEY,66.42672729492188
ODFL,LANCASTER,WILMER,47.45913314819336
RBTW,RICHMOND,LANCASTER,35.17401123046875
ODFL,LANCASTER,URBANA,82.69574737548828
ODFL,REDLANDS,TYLER,71.46046447753906
ODFL,ELWOOD,WOODLAND,49.489627838134766
ODFL,REDLANDS,DINUBA,68.38594818115234
RBTW,ELWOOD,READING,44.305381774902344
ODFL,RICHMOND,GALESBURG,72.65982818603516
ODFL,PHARR,FORT WAYNE,56.75151824951172
ODFL,ELWOOD,NORTH CANTON,67.10919952392578
ODFL,ELWOOD,TYLER,55.61770248413086
ODFL,ELWOOD,DAYTON,71.56616973876953
ODFL,PHARR,CAROL STREAM,30.36348533630371
ODFL,ELWOOD,ROANOKE,77.93365478515625
ODFL,ELWOOD,TOBYHANNA,70.73127746582031
ODFL,PHARR,LITHIA SPRINGS,40.95542907714844
ODFL,REDLANDS,SANGER,85.72628021240234
ODFL,RICHMOND,TAYLOR,81.857177734375
ODFL,REDLANDS,ST. JAMES,72.36324310302734
ODFL,PHARR,WAUREGAN,36.95772171020508
ODFL,ELWOOD,SMYRNA,83.90782165527344
ODFL,RICHMOND,FRIDLEY,82.52660369873047
ODFL,ELWOOD,OCONOMOWOC,91.28239440917969
ODFL,LANCASTER,SAN ANTONIO,56.619407653808594
ODFL,REDLANDS,PHOENIX,93.3154525756836
ODFL,REDLANDS,CLACKAMAS,45.05138397216797
ODFL,PHARR,GROVEPORT,64.63995361328125
ODFL,RICHMOND,COLDWATER,76.62873077392578
ODFL,ELWOOD,NORFOLK,83.02749633789062
ODFL,LANCASTER,BROOKHAVEN,83.33785247802734
ODFL,ELWOOD,PEOSTA,75.8930892944336
ODFL,RICHMOND,BOYNTON BEACH,89.11754608154297
ODFL,PHARR,WEST SACRAMENTO,56.667232513427734
AEQC,RICHMOND,KERNERSVILLE,48.829505920410156
ODFL,REDLANDS,PUYALLUP,39.58519744873047
ODFL,ELWOOD,LENEXA,32.5580940246582
ODFL,REDLANDS,BENTONVILLE,90.01301574707031
ODFL,ELWOOD,WEST JEFFERSON,53.712284088134766
ODFL,ELWOOD,BLUFFTON,73.93517303466797
ODFL,REDLANDS,RANCHO CUCAMONGA,55.7577018737793
ODFL,ELWOOD,EDWARDSVILLE,58.96561050415039
ODFL,REDLANDS,SACRAMENTO,83.93866729736328
ODFL,REDLANDS,SPOKANE,73.86682891845703
RBTW,GRAND RAPIDS,REDLANDS,22.748212814331055
ODFL,ELWOOD,HURRICANE,26.721487045288086
ODFL,PHARR,CHARLOTTE,38.98649215698242
ODFL,ELWOOD,PORTLAND,37.01414489746094
ODFL,ELWOOD,INWOOD,40.892433166503906
ODFL,PHARR,LANCASTER,78.12958526611328
ODFL,REDLANDS,PHOENIX,49.6330680847168
RBTW,GRAND RAPIDS,LANCASTER,9.86060619354248
ODFL,ELWOOD,CLEVELAND,48.89958190917969
ODFL,RICHMOND,SANGER,57.567752838134766
ODFL,ELWOOD,NEWTON,31.339675903320312
ODFL,SUMNER,WOODLAND,55.47903823852539
RBTW,REDLANDS,DINUBA,13.536864280700684
ODFL,ELWOOD,LEBANON,66.37664794921875
ODFL,ELWOOD,DORAL,36.57822799682617
ODFL,RICHMOND,HATTIESBURG,41.53421401977539
ODFL,ELWOOD,TIFTON,36.14952850341797
RBTW,RICHMOND,FINDLAY,11.762578964233398
ODFL,ELWOOD,KENOSHA,75.14469909667969
ODFL,LANCASTER,TYLER,76.6192398071289
ODFL,RICHMOND,PEMBROKE,35.64957809448242
ODFL,RICHMOND,HOPKINSVILLE,37.321468353271484
ODFL,ELWOOD,KANSAS CITY,38.11931610107422
ODFL,LANCASTER,LUBBOCK,73.72750091552734
ODFL,REDLANDS,KANSAS CITY,37.79193878173828
ODFL,ELWOOD,TAYLOR,45.93872833251953
ODFL,ELWOOD,RIALTO,48.35240936279297
ODFL,REDLANDS,ONTARIO,68.26261901855469
ODFL,ELWOOD,SHELBY,32.335697174072266
ODFL,LANCASTER,SAN ANTONIO,36.45326232910156
ABFS,REDLANDS,SAN BERNARDINO,23.108489990234375
ODFL,RICHMOND,WARSAW,27.226930618286133
ODFL,REDLANDS,SAN BERNARDINO,35.54071807861328
ODFL,SUMNER,RIALTO,61.657108306884766
ODFL,PHARR,MONTGOMERY,50.2219123840332
ODFL,ELWOOD,AMSTERDAM,41.728694915771484
ODFL,ELWOOD,READING,48.570396423339844
ODFL,RICHMOND,WELLS,44.79228210449219
ODFL,RICHMOND,DUBLIN,41.085514068603516
ODFL,PHARR,HAUPPAUGE,22.69769287109375
ODFL,REDLANDS,BUCKEYE,41.584251403808594
ODFL,ELWOOD,PLANO,39.140384674072266
FXFE,PHARR,CAMARILLO,23.664413452148438
ODFL,LANCASTER,PORTLAND,78.85176849365234
ODFL,ELWOOD,WILMER,48.570396423339844
ODFL,REDLANDS,SANGER,78.56758880615234
ODFL,LANCASTER,GREENFIELD,66.01090240478516
ODFL,RICHMOND,LA GRANGE,33.62720489501953
ODFL,ELWOOD,BROOKHAVEN,47.78468704223633
ODFL,SUMNER,WOODLAND,63.51299285888672
ODFL,PHARR,GREENCASTLE,46.79314422607422
ODFL,LANCASTER,CEDAR FALLS,69.2496337890625
AFXN,RICHMOND,CRANBURY,9.3917236328125
ODFL,RICHMOND,MIDLOTHIAN,80.16353607177734
AEQC,RICHMOND,CARLISLE,9.355751037597656
ODFL,LANCASTER,WOODLAND,55.806522369384766
ODFL,ELWOOD,MILBANK,30.06926727294922
ODFL,ELWOOD,PALESTINE,53.484214782714844
ODFL,ELWOOD,SANGER,65.44821166992188
RBTW,LANCASTER,READING,77.60127258300781
ODFL,ELWOOD,MELROSE PARK,58.16535949707031
ODFL,ELWOOD,COLDWATER,64.57731628417969
ODFL,RICHMOND,PHOENIX,60.8499641418457
ODFL,RICHMOND,GALESBURG,32.51310729980469
ODFL,PHARR,WILLIAMSBURG,53.13684844970703
ODFL,PHARR,BAYONNE,44.50406265258789
ODFL,RICHMOND,MEDINA,36.65029525756836
RBTW,RICHMOND,NEW CASTLE,20.93889808654785
ODFL,REDLANDS,CLACKAMAS,39.20095443725586
ODFL,LANCASTER,WILMER,75.86200714111328
RBTW,REDLANDS,SALEM,14.006349563598633
RBTW,RICHMOND,FINDLAY,32.9827995300293
RBTW,RICHMOND,NICHOLS,38.31930923461914
ODFL,RICHMOND,ALACHUA,35.092742919921875
ODFL,RICHMOND,PORTLAND,86.72470092773438
ODFL,ELWOOD,BEDFORD HEIGHTS,48.68048095703125
ODFL,ELWOOD,PHOENIX,30.7838077545166
ODFL,ELWOOD,PLANO,37.70047378540039
ODFL,LANCASTER,LUFKIN,84.39949798583984
ODFL,SUMNER,MERIDIAN,75.67107391357422
ODFL,REDLANDS,RED BLUFF,93.16726684570312
ODFL,ELWOOD,CLEVELAND,36.64671325683594
ODFL,ELWOOD,PRINCETON,40.01761245727539
RBTW,GRAND RAPIDS,REDLANDS,10.327865600585938
ODFL,RICHMOND,SPRING VALLEY,41.34988021850586
ODFL,REDLANDS,ROCKLIN,56.65227127075195
ODFL,REDLANDS,CLACKAMAS,30.053508758544922
ODFL,LANCASTER,NEWTON,55.442596435546875
RBTW,RICHMOND,NEWTON,5.458105564117432
ODFL,LANCASTER,SANGER,59.35185623168945
ODFL,REDLANDS,AURORA,33.56264877319336
ODFL,REDLANDS,GALESBURG,59.13241958618164
ODFL,ELWOOD,MIDWAY,40.32938003540039
ODFL,RICHMOND,RAYMOND,50.20439529418945
ODFL,ELWOOD,STUARTS DRAFT,69.80274200439453
RBTW,RICHMOND,ROMEOVILLE,82.39971923828125
ODFL,RICHMOND,GANSEVOORT,30.486743927001953
ODFL,RICHMOND,PERRYSBURG,37.463741302490234
ODFL,ELWOOD,LEBANON,29.829221725463867
ODFL,RICHMOND,WILLIAMSTON,47.534393310546875
ODFL,ELWOOD,JOLIET,41.87269973754883
ODFL,RICHMOND,JACKSONVILLE,29.956775665283203
ODFL,REDLANDS,PORTERVILLE,74.13760375976562
ODFL,RICHMOND,HOPKINSVILLE,45.11624526977539
ODFL,REDLANDS,APPLE VALLEY,71.80677032470703
ODFL,ELWOOD,VILLA RICA,35.25772476196289
ODFL,ELWOOD,CHARLOTTE,36.79995346069336
ODFL,RICHMOND,DUNN,64.45967102050781
ODFL,ELWOOD,CLINTON,45.52096176147461
ODFL,ELWOOD,BROWNSTOWN,37.80373001098633
ODFL,ELWOOD,HUTCHINSON,59.18972396850586
ODFL,REDLANDS,TYLER,60.39616394042969
ODFL,PHARR,FENTON,23.160491943359375
ODFL,PHARR,PHOENIX,25.93148422241211
ODFL,REDLANDS,LOVELAND,65.11212158203125
ODFL,RICHMOND,GROVE CITY,85.06492614746094
ODFL,LANCASTER,WACO,51.82151794433594
ODFL,ELWOOD,FT PIERCE,77.02960968017578
ODFL,ELWOOD,ST. CLOUD,58.054222106933594
ODFL,LANCASTER,LA GRANGE,79.26931762695312
ODFL,LANCASTER,MENOMONIE,76.7391128540039
ODFL,LANCASTER,LAKELAND,69.5438003540039
ODFL,LANCASTER,WILTON,85.9998779296875
ODFL,RICHMOND,PORTLAND,80.28230285644531
ODFL,ELWOOD,PUEBLO,57.284481048583984
RBTW,PHARR,REDLANDS,41.782127380371094
ODFL,RICHMOND,MIDWAY,74.87913513183594
ODFL,ELWOOD,LAKELAND,45.46173095703125
ODFL,RICHMOND,MT. CRAWFORD,78.80560302734375
ODFL,LANCASTER,CHAMBERSBURG,84.61125946044922
ODFL,LANCASTER,GALESBURG,74.18061828613281
ODFL,LANCASTER,CULLMAN,85.2080078125
ODFL,ELWOOD,TOPEKA,59.76526641845703
ODFL,LANCASTER,PALESTINE,70.05218505859375
ODFL,RICHMOND,MOUNT PLEASANT,67.55648040771484
ODFL,RICHMOND,OCONOMOWOC,91.220703125
LRGR,RICHMOND,BROOKSVILLE,10.10561466217041
ODFL,LANCASTER,MIDLOTHIAN,86.10549926757812
ODFL,REDLANDS,MOUNT PLEASANT,42.48514938354492
ODFL,PHARR,ONTARIO,27.324604034423828
ODFL,LANCASTER,LOVELAND,85.37986755371094
ODFL,ELWOOD,RAYMOND,73.83625793457031
ODFL,REDLANDS,WAXAHACHIE,82.26346588134766
ODFL,LANCASTER,PORTERVILLE,77.88536834716797
ODFL,LANCASTER,MARCY,79.11111450195312
ODFL,RICHMOND,MENOMONIE,82.17459106445312
ODFL,LANCASTER,AMARILLO,74.38605499267578
RBTW,ELWOOD,CHIPPEWA FALLS,72.18194580078125
ODFL,ELWOOD,HOPE MILLS,62.17788314819336
AEQC,RICHMOND,JEFFERSON,48.383384704589844
ODFL,LANCASTER,HATTIESBURG,88.92513275146484
ODFL,REDLANDS,LAGRANGE,44.87797546386719
ODFL,LANCASTER,OLIVE BRANCH,85.68111419677734
ODFL,RICHMOND,TWINSBURG,74.23200988769531
AEQC,GRAND RAPIDS,RICHMOND,21.51580810546875
ODFL,REDLANDS,NEWTON,53.70489501953125
ODFL,RICHMOND,NICHOLS,79.50883483886719
ODFL,REDLANDS,WOODLAND,83.76134490966797
ODFL,ELWOOD,MADISON,70.6010971069336
ODFL,ELWOOD,CUMMING,61.47638702392578
ODFL,ELWOOD,OTTAWA,64.07029724121094
ODFL,RICHMOND,HICKORY,77.1979751586914
ODFL,REDLANDS,ALBANY,67.84937286376953
ODFL,LANCASTER,DAYTON,53.15403747558594
ODFL,ELWOOD,STUARTS DRAFT,70.31658172607422
ODFL,REDLANDS,TYLER,73.99397277832031
ODFL,PHARR,GREENCASTLE,65.33692169189453
ODFL,ELWOOD,KANSAS CITY,57.21782302856445
ODFL,ELWOOD,SHAFTER,46.8398323059082
ODFL,ELWOOD,PALM BEACH GARDENS,71.36280822753906
ODFL,REDLANDS,OTTAWA,81.0014419555664
ODFL,REDLANDS,SEALY,83.24352264404297
ODFL,REDLANDS,VACAVILLE,77.56639862060547
ODFL,REDLANDS,STOCKTON,81.44316101074219
ODFL,ELWOOD,CHIPPEWA FALLS,69.53208923339844
ODFL,RICHMOND,TEWKSBURY,58.596153259277344
ODFL,LANCASTER,OPELOUSAS,44.50885009765625
LOAM,LANCASTER,COPPELL,23.0343017578125
ODFL,RICHMOND,SMYRNA,57.195865631103516
ODFL,ELWOOD,COLORADO SPRINGS,43.99286651611328
RBTW,LANCASTER,ARDMORE,3.012105941772461
ODFL,PHARR,REDLANDS,46.251800537109375
HOSD,GRAND RAPIDS,ELWOOD,9.785163879394531
ODFL,RICHMOND,STAUNTON,29.049760818481445
ODFL,REDLANDS,TYLER,63.47821807861328
ODFL,RICHMOND,BOYNTON BEACH,76.62773132324219
ODFL,ELWOOD,DACULA,51.03237533569336
ODFL,ELWOOD,GREENFIELD,64.57731628417969
ODFL,ELWOOD,BROOKSVILLE,36.86008071899414
ODFL,LANCASTER,ROANOKE,71.4696044921875
ODFL,LANCASTER,KANSAS CITY,34.92988586425781
ODFL,ELWOOD,LENEXA,51.07362365722656
ODFL,RICHMOND,LAKELAND,50.990909576416016
ODFL,ELWOOD,COLORADO SPRINGS,33.76594543457031
ODFL,REDLANDS,TOLLESON,81.88461303710938
ODFL,RICHMOND,JEFFERSON,33.10704803466797
ODFL,LANCASTER,SHAFTER,59.32542037963867
ODFL,LANCASTER,AMARILLO,40.349761962890625
ODFL,LANCASTER,SAN ANTONIO,41.54678726196289
ODFL,REDLANDS,CLACKAMAS,68.03770446777344
RBTW,SUMNER,SACRAMENTO,15.558492660522461
ODFL,LANCASTER,CEDAR FALLS,66.04701232910156
RBTW,RICHMOND,NICHOLS,28.485797882080078
ODFL,ELWOOD,MOUNT PLEASANT,33.179073333740234
ODFL,SUMNER,CHEHALIS,41.270259857177734
ODFL,ELWOOD,PLANO,39.9999885559082
ODFL,ELWOOD,GROVE CITY,62.80927658081055
ODFL,RICHMOND,BROOKSVILLE,51.575225830078125
ODFL,RICHMOND,MARCY,47.35437774658203
ODFL,SUMNER,PHOENIX,56.64932632446289
RBTW,ELWOOD,SHELBY TOWNSHIP,36.626976013183594
ODFL,ELWOOD,LA CROSSE,50.773681640625
ODFL,ELWOOD,PORTLAND,36.948829650878906
ODFL,ELWOOD,SEALY,34.93470001220703
ODFL,ELWOOD,OTTAWA,32.408504486083984
ODFL,REDLANDS,HERMISTON,43.07627868652344
ODFL,ELWOOD,GREENFIELD,42.70143508911133
ODFL,RICHMOND,MILTON,54.96059036254883
ODFL,LANCASTER,BESSEMER,53.833091735839844
RBTW,SUMNER,REDLANDS,24.11604118347168
ODFL,ELWOOD,URBANA,70.20771789550781
ODFL,RICHMOND,TAYLOR,34.139381408691406
ODFL,LANCASTER,WILTON,78.32579803466797
ODFL,RICHMOND,DUNN,34.995147705078125
ODFL,ELWOOD,INWOOD,37.36098098754883
RBTW,LANCASTER,REDLANDS,45.882568359375
ODFL,LANCASTER,OKLAHOMA CITY,33.03318405151367
RBTW,LANCASTER,LENEXA,64.2740707397461
ODFL,ELWOOD,SUN PRAIRIE,63.803897857666016
RBTW,GRAND RAPIDS,FENTON,42.19040298461914
ODFL,ELWOOD,LAKELAND,47.006919860839844
ODFL,ELWOOD,CHEROKEE,33.18514633178711
ODFL,ELWOOD,JOLIET,40.56664276123047
RBTW,ELWOOD,LENEXA,24.414716720581055
ODFL,REDLANDS,PUYALLUP,41.80329513549805
ODFL,LANCASTER,SEARCY,42.57761001586914
ODFL,REDLANDS,LUGOFF,74.39862823486328
ODFL,REDLANDS,OCONOMOWOC,64.01448059082031
ODFL,RICHMOND,JUPITER,36.09712219238281
ODFL,RICHMOND,RIALTO,47.80133819580078
ODFL,LANCASTER,APPLE VALLEY,81.890869140625
ODFL,LANCASTER,LENEXA,72.54078674316406
ODFL,LANCASTER,RIVERSIDE,46.217750549316406
ODFL,SUMNER,FIFE,73.0826644897461
RBTW,RICHMOND,FREDERICKSBURG,50.37572479248047
ODFL,RICHMOND,INDIANAPOLIS,30.593505859375
ODFL,LANCASTER,COLDWATER,82.5809097290039
ODFL,LANCASTER,EDWARDSVILLE,51.22252655029297
ODFL,ELWOOD,WEST JEFFERSON,32.719688415527344
ODFL,ELWOOD,LUGOFF,53.07282257080078
ODFL,LANCASTER,WEST JEFFERSON,39.693077087402344
ODFL,ELWOOD,CHARLOTTE,56.757450103759766
RBTW,REDLANDS,DUPONT,39.12492370605469
ODFL,PHARR,LONDON,54.319976806640625
ODFL,REDLANDS,AURORA,42.854488372802734
ODFL,ELWOOD,DACULA,43.87394714355469
ODFL,ELWOOD,MIDLAND,42.044593811035156
ODFL,ELWOOD,CLEVELAND,35.79457092285156
ODFL,RICHMOND,NORTH LITTLE ROCK,70.08551025390625
ODFL,RICHMOND,LAKELAND,52.42926025390625
ODFL,RICHMOND,DAYTON,67.24928283691406
RBTW,REDLANDS,FRENCH CAMP,38.101646423339844
ODFL,REDLANDS,STUARTS DRAFT,70.93314361572266
ODFL,LANCASTER,BENTONVILLE,63.9119873046875
ODFL,LANCASTER,DAYTON,39.69877243041992
ODFL,LANCASTER,WAXAHACHIE,41.105682373046875
ODFL,REDLANDS,BUCKEYE,60.41529846191406
ODFL,LANCASTER,ARDMORE,33.601585388183594
RBTW,GRAND RAPIDS,RICHMOND,12.296175003051758
ODFL,LANCASTER,LUFKIN,80.93226623535156
ODFL,ELWOOD,ST. JAMES,32.58273696899414
ODFL,ELWOOD,SHAKOPEE,40.89861297607422
ODFL,REDLANDS,PRESCOTT VALLEY,77.4244155883789
ODFL,RICHMOND,STAUNTON,59.725677490234375
ODFL,RICHMOND,CHICAGO,54.004119873046875
ODFL,ELWOOD,BYRON CENTER,45.94630432128906
ODFL,RICHMOND,PORTLAND,82.2395248413086
ODFL,PHARR,SPOKANE,49.2490234375
ODFL,PHARR,REDLANDS,27.740249633789062
ODFL,LANCASTER,MADISON,36.942779541015625
ODFL,PHARR,MONTGOMERY,53.67879867553711
ODFL,RICHMOND,JACKSONVILLE,38.948219299316406
RBTW,LANCASTER,OKLAHOMA CITY,63.7441520690918
ODFL,REDLANDS,RANCHO CUCAMONGA,32.22982406616211
ODFL,ELWOOD,MIDWAY,54.93770217895508
ODFL,PHARR,ORLANDO,29.136594772338867
ODFL,ELWOOD,LA CROSSE,50.78582000732422
ODFL,RICHMOND,BOYNTON BEACH,79.8397445678711
ODFL,ELWOOD,LEBANON,51.252044677734375
ODFL,PHARR,LA MIRADA,64.02000427246094
ODFL,PHARR,LONDON,40.27692794799805
ODFL,ELWOOD,GARDEN CITY,40.54426574707031
ODFL,LANCASTER,OTTAWA,63.9119873046875
ODFL,LANCASTER,LACEY,66.80815887451172
ODFL,REDLANDS,MIDLOTHIAN,85.41963195800781
ODFL,ELWOOD,PERRYSBURG,61.40361022949219
ODFL,LANCASTER,PRESCOTT VALLEY,77.57698059082031
ODFL,RICHMOND,CHIPPEWA FALLS,56.87452697753906
ODFL,REDLANDS,MERIDIAN,58.93048095703125
ODFL,REDLANDS,RIALTO,72.42536926269531
ODFL,LANCASTER,OPELOUSAS,51.06944274902344
ODFL,RICHMOND,TEWKSBURY,54.009212493896484
ODFL,ELWOOD,GOODLETTSVILLE,38.99818801879883
RBTW,RICHMOND,FINDLAY,6.053831100463867
ODFL,ELWOOD,SUTHERLAND,58.59986114501953
ODFL,RICHMOND,PERRYSBURG,57.94974136352539
ABFS,REDLANDS,PATTERSON,23.987268447875977
ODFL,ELWOOD,LEXINGTON,42.52942657470703
ODFL,LANCASTER,SUTHERLAND,69.83087921142578
ODFL,LANCASTER,HOPKINS,85.53826141357422
ODFL,RICHMOND,TAYLOR,60.764610290527344
ODFL,ELWOOD,FT PIERCE,46.898468017578125
ODFL,PHARR,MONROE,41.13517761230469
ODFL,PHARR,CRANBURY,37.386146545410156
ODFL,PHARR,SPARTANBURG,28.273359298706055
ODFL,RICHMOND,CHAMBERSBURG,47.617549896240234
ODFL,REDLANDS,ONTARIO,76.33128356933594
ODFL,LANCASTER,WAXAHACHIE,50.84982681274414
ODFL,ELWOOD,NORFOLK,65.76482391357422
ODFL,LANCASTER,FT PIERCE,85.53295135498047
ODFL,ELWOOD,BROOKSVILLE,64.55670928955078
ODFL,ELWOOD,CULLMAN,65.23499298095703
ODFL,RICHMOND,BEAVER DAM,77.53893280029297
ODFL,LANCASTER,BENTONVILLE,72.18785858154297
ODFL,RICHMOND,PEMBROKE,82.35181427001953
ODFL,RICHMOND,BENTONVILLE,78.4159927368164
ODFL,RICHMOND,LOVELAND,79.78646087646484
ODFL,REDLANDS,OPELOUSAS,39.767513275146484
ODFL,RICHMOND,MAGNOLIA,83.93038177490234
ODFL,RICHMOND,HOPKINS,87.71977996826172
ODFL,ELWOOD,LA CROSSE,69.46571350097656
ODFL,ELWOOD,OSWEGO,83.36759948730469
FDEG,PHARR,TUCKER,91.68939971923828
ODFL,ELWOOD,DACULA,66.42843627929688
ODFL,PHARR,KENT,43.20772933959961
FXFC,MILTON,CHATEAUGUAY,94.6502456665039
ODFL,REDLANDS,ROCKLIN,77.80682373046875
ODFL,PHARR,KANSAS CITY,46.028785705566406
ODFL,ELWOOD,OPELOUSAS,56.13793182373047
ODFL,ELWOOD,SANGER,74.58221435546875
ODFL,LANCASTER,GRANTSVILLE,81.06233215332031
ODFL,REDLANDS,FRENCH CAMP,85.57250213623047
ODFL,PHARR,FRESNO,85.46553802490234
ODFL,REDLANDS,LOGAN TOWNSHIP,68.81600189208984
FXFC,MILTON,NORTH BAY,92.69740295410156
ODFL,ELWOOD,GROVE CITY,74.71957397460938
ODFL,RICHMOND,POTTSVILLE,74.13745880126953
ODFL,ELWOOD,SUN PRAIRIE,83.75462341308594
ODFL,PHARR,GULF SHORES,73.95447540283203
ODFL,ELWOOD,FRIDLEY,87.22017669677734
